bank_reference,settlement_id,amount,transaction_date,bank_status
BANKREF300000,SETL200000,3975.37,2026-08-12,CREDITED
BANKREF300002,SETL200002,26042.68,2026-08-22,CREDITED
BANKREF300003,SETL200003,1985.07,2026-08-10,CREDITED
BANKREF300004,SETL200004,33638.1,2026-08-08,CREDITED
BANKREF300006,SETL200006,20799.95,2026-08-13,CREDITED
BANKREF300007,SETL200007,19700.64,2026-08-18,CREDITED
BANKREF300008,SETL200008,26863.78,2026-08-13,CREDITED
BANKREF300009,SETL200009,50490.84,2026-08-03,CREDITED
BANKREF300010,SETL200010,2369.67,2026-08-19,CREDITED
BANKREF300011,SETL200011,12290.89,2026-08-20,CREDITED
BANKREF300012,SETL200012,7574.01,2026-08-23,CREDITED
BANKREF300013,SETL200013,5869.54,2026-08-06,CREDITED
BANKREF300014,SETL200014,54936.42,2026-08-12,CREDITED
BANKREF300015,SETL200015,14714.62,2026-08-20,CREDITED
BANKREF300017,SETL200017,16949.56,2026-08-12,CREDITED
BANKREF300018,SETL200018,26700.6,2026-08-18,CREDITED
BANKREF300019,SETL200019,57661.55,2026-08-10,CREDITED
BANKREF300020,SETL200020,3003.77,2026-08-18,CREDITED
BANKREF300021,SETL200021,56814.7,2026-08-07,CREDITED
BANKREF300022,SETL200022,51566.24,2026-08-17,CREDITED
BANKREF300023,SETL200023,42384.95,2026-08-16,CREDITED
BANKREF300024,SETL200024,36617.12,2026-08-15,CREDITED
BANKREF300025,SETL200025,55650.25,2026-08-23,CREDITED
BANKREF300026,SETL200026,14207.61,2026-08-12,CREDITED
BANKREF300027,SETL200027,44916.18,2026-08-06,CREDITED
BANKREF300028,SETL200028,3152.37,2026-08-04,CREDITED
BANKREF300029,SETL200029,8897.13,2026-09-12,CREDITED
BANKREF300030,SETL200030,10687.33,2026-08-24,CREDITED
BANKREF300031,SETL200031,15432.85,2026-08-11,CREDITED
BANKREF300032,SETL200032,39738.95,2026-08-08,CREDITED
BANKREF300033,SETL200033,37661.31,2026-08-16,CREDITED
BANKREF300034,SETL200034,6711.53,2026-08-15,CREDITED
BANKREF300035,SETL200035,1757.69,2026-08-15,CREDITED
BANKREF300036,SETL200036,49108.9,2026-08-12,CREDITED
BANKREF300037,SETL200037,37599.83,2026-08-22,CREDITED
BANKREF300039,SETL200039,5739.8,2026-08-12,CREDITED
BANKREF300040,SETL200040,8193.77,2026-08-20,CREDITED
BANKREF300042,SETL200042,56701.95,2026-08-07,CREDITED
BANKREF300043,SETL200043,5721.94,2026-08-15,CREDITED
BANKREF300044,SETL200044,34348.78,2026-08-23,CREDITED
BANKREF300045,SETL200045,1945.76,2026-08-20,CREDITED
BANKREF300046,SETL200046,37614.94,2026-08-17,CREDITED
BANKREF300047,SETL200047,8657.55,2026-08-04,CREDITED
BANKREF300048,SETL200048,23128.23,2026-08-14,CREDITED
BANKREF300049,SETL200049,52490.24,2026-08-23,CREDITED
BANKREF300050,SETL200050,13082.14,2026-08-20,CREDITED
BANKREF300051,SETL200051,3997.19,2026-08-11,CREDITED
BANKREF300052,SETL200052,39213.76,2026-08-23,CREDITED
BANKREF300053,SETL200053,45712.99,2026-08-10,CREDITED
BANKREF300054,SETL200054,47563.62,2026-08-10,CREDITED
BANKREF300055,SETL200055,31957.19,2026-08-08,CREDITED
BANKREF300056,SETL200056,1355.11,2026-08-10,CREDITED
BANKREF300057,SETL200057,15947.23,2026-08-07,CREDITED
BANKREF300058,SETL200058,28316.01,2026-08-14,CREDITED
BANKREF300059,SETL200059,29900.66,2026-08-22,CREDITED
BANKREF300060,SETL200060,38045.31,2026-08-03,CREDITED
BANKREF300061,SETL200061,39820.97,2026-08-18,CREDITED
BANKREF300062,SETL200062,35749.79,2026-08-05,CREDITED
BANKREF300063,SETL200063,57991.35,2026-08-19,CREDITED
BANKREF300064,SETL200064,46828.23,2026-08-30,CREDITED
BANKREF300065,SETL200065,52334.73,2026-08-16,CREDITED
BANKREF300066,SETL200066,42492.09,2026-08-13,CREDITED
BANKREF300067,SETL200067,40497.0,2026-08-18,CREDITED
BANKREF300068,SETL200068,25968.42,2026-08-14,CREDITED
BANKREF300069,SETL200069,20925.75,2026-08-16,CREDITED
BANKREF300070,SETL200070,20856.7,2026-08-21,CREDITED
BANKREF300071,SETL200071,13576.95,2026-08-06,CREDITED
BANKREF300072,SETL200072,45046.81,2026-08-21,CREDITED
BANKREF300073,SETL200073,2163.96,2026-08-11,CREDITED
BANKREF300074,SETL200074,841.08,2026-08-07,CREDITED
BANKREF300075,SETL200075,8780.1,2026-08-23,CREDITED
BANKREF300077,SETL200077,45519.85,2026-08-21,CREDITED
BANKREF300079,SETL200079,26155.12,2026-08-21,CREDITED
BANKREF300080,SETL200080,44497.29,2026-08-06,CREDITED
BANKREF300081,SETL200081,39774.11,2026-08-21,CREDITED
BANKREF300082,SETL200082,13274.53,2026-08-22,CREDITED
BANKREF300083,SETL200083,55246.85,2026-08-07,CREDITED
BANKREF300084,SETL200084,942.6,2026-08-16,CREDITED
BANKREF300085,SETL200085,4606.88,2026-08-04,CREDITED
BANKREF300086,SETL200086,41504.64,2026-08-16,CREDITED
BANKREF300087,SETL200087,56522.19,2026-08-08,CREDITED
BANKREF300088,SETL200088,26056.7,2026-08-06,CREDITED
BANKREF300089,SETL200089,50815.44,2026-08-13,CREDITED
BANKREF300090,SETL200090,30544.84,2026-08-06,CREDITED
BANKREF300092,SETL200092,10871.28,2026-08-23,CREDITED
BANKREF300093,SETL200093,50587.04,2026-08-23,CREDITED
BANKREF300094,SETL200094,27888.05,2026-08-23,CREDITED
BANKREF300095,SETL200095,29897.16,2026-08-12,CREDITED
BANKREF300096,SETL200096,21870.88,2026-08-12,CREDITED
BANKREF300097,SETL200097,27234.9,2026-08-20,CREDITED
BANKREF300098,SETL200098,19232.41,2026-08-18,CREDITED
BANKREF300099,SETL200099,6527.53,2026-08-13,CREDITED
BANKREF300100,SETL200100,14853.53,2026-08-17,CREDITED
BANKREF300101,SETL200101,22101.14,2026-08-12,CREDITED
BANKREF300102,SETL200102,4308.02,2026-08-06,CREDITED
BANKREF300103,SETL200103,15084.22,2026-08-22,CREDITED
BANKREF300104,SETL200104,53890.21,2026-08-12,CREDITED
BANKREF300105,SETL200105,35150.8,2026-08-05,CREDITED
BANKREF300106,SETL200106,47626.99,2026-08-19,CREDITED
BANKREF300107,SETL200107,1543.95,2026-08-12,CREDITED
BANKREF300108,SETL200108,11694.68,2026-08-07,CREDITED
BANKREF300109,SETL200109,30153.14,2026-08-20,CREDITED
BANKREF300110,SETL200110,51291.12,2026-08-22,CREDITED
BANKREF300111,SETL200111,9940.44,2026-08-22,CREDITED
BANKREF300112,SETL200112,21544.52,2026-08-10,CREDITED
BANKREF300114,SETL200114,39808.2,2026-08-21,CREDITED
BANKREF300115,SETL200115,29559.06,2026-08-16,CREDITED
BANKREF300116,SETL200116,51518.87,2026-08-20,CREDITED
BANKREF300117,SETL200117,5345.44,2026-08-08,CREDITED
BANKREF300118,SETL200118,5783.06,2026-08-10,CREDITED
BANKREF300119,SETL200119,3559.42,2026-08-25,CREDITED
BANKREF300120,SETL200120,13503.52,2026-08-13,CREDITED
BANKREF300121,SETL200121,16813.15,2026-08-18,CREDITED
BANKREF300122,SETL200122,53022.49,2026-08-03,CREDITED
BANKREF300123,SETL200123,6909.05,2026-08-12,CREDITED
BANKREF300124,SETL200124,14103.91,2026-08-23,CREDITED
BANKREF300125,SETL200125,42375.52,2026-08-12,CREDITED
BANKREF300127,SETL200127,23130.37,2026-08-18,CREDITED
BANKREF300128,SETL200128,15191.1,2026-08-03,CREDITED
BANKREF300129,SETL200129,43214.74,2026-08-23,CREDITED
BANKREF300130,SETL200130,32139.25,2026-08-23,CREDITED
BANKREF300131,SETL200131,37367.77,2026-08-07,CREDITED
BANKREF300133,SETL200133,57673.03,2026-08-20,CREDITED
BANKREF300134,SETL200134,17167.94,2026-08-04,CREDITED
BANKREF300135,SETL200135,47193.18,2026-08-16,CREDITED
BANKREF300136,SETL200136,56988.15,2026-08-18,CREDITED
BANKREF300137,SETL200137,42971.27,2026-08-05,CREDITED
BANKREF300141,SETL200141,4837.22,2026-08-23,CREDITED
BANKREF300142,SETL200142,8765.87,2026-08-22,CREDITED
BANKREF300143,SETL200143,4405.86,2026-08-23,CREDITED
BANKREF300144,SETL200144,35579.0,2026-08-20,CREDITED
BANKREF300145,SETL200145,31330.67,2026-08-15,CREDITED
BANKREF300146,SETL200146,29558.94,2026-08-15,CREDITED
BANKREF300147,SETL200147,41269.79,2026-08-12,CREDITED
BANKREF300148,SETL200148,8421.01,2026-08-07,CREDITED
BANKREF300149,SETL200149,39495.4,2026-08-05,CREDITED
BANKREF300150,SETL200150,29572.98,2026-08-06,CREDITED
BANKREF300151,SETL200151,32603.45,2026-08-14,CREDITED
BANKREF300152,SETL200152,4332.36,2026-08-15,CREDITED
BANKREF300153,SETL200153,48087.11,2026-08-05,CREDITED
BANKREF300154,SETL200154,27681.77,2026-08-19,CREDITED
BANKREF300155,SETL200155,25689.62,2026-08-04,CREDITED
BANKREF300156,SETL200156,10024.92,2026-08-13,CREDITED
BANKREF300157,SETL200157,49553.89,2026-08-11,CREDITED
BANKREF300158,SETL200158,36897.22,2026-08-22,CREDITED
BANKREF300159,SETL200159,10461.98,2026-08-22,CREDITED
BANKREF300160,SETL200160,48346.67,2026-08-03,CREDITED
BANKREF300161,SETL200161,45197.72,2026-08-16,CREDITED
BANKREF300162,SETL200162,52662.27,2026-08-20,CREDITED
BANKREF300163,SETL200163,17678.21,2026-08-05,CREDITED
BANKREF300164,SETL200164,24750.23,2026-08-17,CREDITED
BANKREF300165,SETL200165,50426.93,2026-08-13,CREDITED
BANKREF300166,SETL200166,44798.44,2026-08-19,CREDITED
BANKREF300167,SETL200167,27681.65,2026-08-11,CREDITED
BANKREF300168,SETL200168,3447.62,2026-08-15,CREDITED
BANKREF300169,SETL200169,47874.8,2026-08-21,CREDITED
BANKREF300170,SETL200170,29513.6,2026-08-19,CREDITED
BANKREF300171,SETL200171,1837.83,2026-08-15,CREDITED
BANKREF300172,SETL200172,3416.23,2026-08-18,CREDITED
BANKREF300173,SETL200173,31575.83,2026-08-08,CREDITED
BANKREF300175,SETL200175,32557.14,2026-08-05,CREDITED
BANKREF300176,SETL200176,48294.84,2026-08-22,CREDITED
BANKREF300177,SETL200177,57288.33,2026-08-15,CREDITED
BANKREF300178,SETL200178,12084.67,2026-08-20,CREDITED
BANKREF300179,SETL200179,42056.4,2026-08-18,CREDITED
BANKREF300180,SETL200180,32590.87,2026-08-13,CREDITED
BANKREF300181,SETL200181,29895.89,2026-08-19,CREDITED
BANKREF300182,SETL200182,48111.13,2026-08-14,CREDITED
BANKREF300183,SETL200183,34230.82,2026-08-23,CREDITED
BANKREF300184,SETL200184,56354.19,2026-08-21,CREDITED
BANKREF300185,SETL200185,30909.67,2026-08-22,CREDITED
BANKREF300186,SETL200186,1593.75,2026-08-13,CREDITED
BANKREF300187,SETL200187,24411.74,2026-08-22,CREDITED
BANKREF300188,SETL200188,32965.71,2026-08-18,CREDITED
BANKREF300189,SETL200189,39503.82,2026-08-23,CREDITED
BANKREF300190,SETL200190,16753.79,2026-08-12,CREDITED
BANKREF300191,SETL200191,40725.58,2026-09-01,CREDITED
BANKREF300192,SETL200192,7999.72,2026-08-20,CREDITED
BANKREF300194,SETL200194,12978.06,2026-08-20,CREDITED
BANKREF300196,SETL200196,37677.17,2026-08-04,CREDITED
BANKREF300197,SETL200197,6354.9,2026-08-07,CREDITED
BANKREF300198,SETL200198,38574.29,2026-08-18,CREDITED
BANKREF300199,SETL200199,34199.35,2026-08-05,CREDITED
BANKREF300200,SETL200200,24831.41,2026-08-13,CREDITED
BANKREF300201,SETL200201,51274.15,2026-08-03,CREDITED
BANKREF300202,SETL200202,57959.71,2026-08-20,CREDITED
BANKREF300203,SETL200203,11655.83,2026-08-06,CREDITED
BANKREF300204,SETL200204,42113.23,2026-08-03,CREDITED
BANKREF300205,SETL200205,10719.87,2026-08-23,CREDITED
BANKREF300206,SETL200206,23909.97,2026-08-06,CREDITED
BANKREF300207,SETL200207,54736.39,2026-08-03,CREDITED
BANKREF300208,SETL200208,44491.79,2026-08-13,CREDITED
BANKREF300209,SETL200209,38352.89,2026-08-10,CREDITED
BANKREF300210,SETL200210,18172.35,2026-08-15,CREDITED
BANKREF300212,SETL200212,26992.12,2026-08-22,CREDITED
BANKREF300213,SETL200213,40435.09,2026-08-22,CREDITED
BANKREF300214,SETL200214,48551.84,2026-08-19,CREDITED
BANKREF300215,SETL200215,19602.44,2026-08-19,CREDITED
BANKREF300216,SETL200216,5794.22,2026-08-19,CREDITED
BANKREF300217,SETL200217,30386.32,2026-08-17,CREDITED
BANKREF300218,SETL200218,42384.44,2026-08-15,CREDITED
BANKREF300219,SETL200219,3137.06,2026-08-14,CREDITED
BANKREF300220,SETL200220,58106.82,2026-08-18,CREDITED
BANKREF300221,SETL200221,45622.97,2026-08-23,CREDITED
BANKREF300222,SETL200222,51256.34,2026-08-15,CREDITED
BANKREF300223,SETL200223,7364.23,2026-08-20,CREDITED
BANKREF300224,SETL200224,49153.6,2026-08-03,CREDITED
BANKREF300225,SETL200225,48088.33,2026-08-10,CREDITED
BANKREF300226,SETL200226,11404.95,2026-08-06,CREDITED
BANKREF300227,SETL200227,14443.05,2026-08-05,CREDITED
BANKREF300228,SETL200228,35385.59,2026-08-04,CREDITED
BANKREF300229,SETL200229,14279.36,2026-08-09,CREDITED
BANKREF300230,SETL200230,14220.33,2026-08-07,CREDITED
BANKREF300231,SETL200231,17378.73,2026-08-04,CREDITED
BANKREF300232,SETL200232,3221.99,2026-08-14,CREDITED
BANKREF300233,SETL200233,24086.36,2026-08-12,CREDITED
BANKREF300234,SETL200234,49999.96,2026-08-12,CREDITED
BANKREF300235,SETL200235,33101.99,2026-08-16,CREDITED
BANKREF300236,SETL200236,14522.55,2026-08-09,CREDITED
BANKREF300237,SETL200237,31641.93,2026-08-09,CREDITED
BANKREF300238,SETL200238,28434.89,2026-08-13,CREDITED
BANKREF300239,SETL200239,56571.65,2026-08-06,CREDITED
BANKREF300240,SETL200240,53394.41,2026-08-20,CREDITED
BANKREF300241,SETL200241,31808.86,2026-08-14,CREDITED
BANKREF300242,SETL200242,44951.4,2026-08-13,CREDITED
BANKREF300243,SETL200243,3123.36,2026-08-10,CREDITED
BANKREF300244,SETL200244,32538.63,2026-08-21,CREDITED
BANKREF300245,SETL200245,11917.72,2026-08-10,CREDITED
BANKREF300246,SETL200246,32633.24,2026-08-13,CREDITED
BANKREF300247,SETL200247,10419.79,2026-08-14,CREDITED
BANKREF300248,SETL200248,49148.89,2026-08-05,CREDITED
BANKREF300249,SETL200249,8430.04,2026-08-23,CREDITED
BANKREF300250,SETL200250,29970.23,2026-08-14,CREDITED
BANKREF300251,SETL200251,1403.2,2026-08-20,CREDITED
BANKREF300252,SETL200252,31189.91,2026-08-11,CREDITED
BANKREF300253,SETL200253,47094.22,2026-08-08,CREDITED
BANKREF300254,SETL200254,11678.04,2026-08-19,CREDITED
BANKREF300255,SETL200255,5049.05,2026-08-15,CREDITED
BANKREF300256,SETL200256,17479.84,2026-08-05,CREDITED
BANKREF300257,SETL200257,22288.7,2026-08-18,CREDITED
BANKREF300258,SETL200258,4981.46,2026-08-16,CREDITED
BANKREF300259,SETL200259,12813.86,2026-08-21,CREDITED
BANKREF300260,SETL200260,40479.26,2026-08-11,CREDITED
BANKREF300261,SETL200261,54590.38,2026-08-13,CREDITED
BANKREF300263,SETL200263,39627.5,2026-08-20,CREDITED
BANKREF300264,SETL200264,6150.55,2026-08-10,CREDITED
BANKREF300265,SETL200265,2426.23,2026-08-11,CREDITED
BANKREF300266,SETL200266,11219.73,2026-08-21,CREDITED
BANKREF300267,SETL200267,46715.96,2026-08-05,CREDITED
BANKREF300268,SETL200268,41630.58,2026-08-23,CREDITED
BANKREF300269,SETL200269,6663.83,2026-08-03,CREDITED
BANKREF300270,SETL200270,6408.78,2026-08-05,CREDITED
BANKREF300271,SETL200271,6452.6,2026-08-05,CREDITED
BANKREF300272,SETL200272,50556.38,2026-08-17,CREDITED
BANKREF300273,SETL200273,33830.8,2026-08-08,CREDITED
BANKREF300274,SETL200274,16154.1,2026-08-11,CREDITED
BANKREF300275,SETL200275,25809.5,2026-08-16,CREDITED
BANKREF300276,SETL200276,15078.02,2026-08-10,CREDITED
BANKREF300277,SETL200277,13635.83,2026-08-07,CREDITED
BANKREF300278,SETL200278,46973.29,2026-08-13,CREDITED
BANKREF300279,SETL200279,17989.93,2026-08-22,CREDITED
BANKREF300280,SETL200280,56676.22,2026-08-13,CREDITED
BANKREF300281,SETL200281,19486.54,2026-08-11,CREDITED
BANKREF300282,SETL200282,40199.44,2026-08-20,CREDITED
BANKREF300283,SETL200283,47056.52,2026-08-05,CREDITED
BANKREF300284,SETL200284,37381.48,2026-08-10,CREDITED
BANKREF300285,SETL200285,46105.98,2026-08-05,CREDITED
BANKREF300286,SETL200286,31441.05,2026-08-16,CREDITED
BANKREF300287,SETL200287,45483.01,2026-08-14,CREDITED
BANKREF300288,SETL200288,56469.18,2026-08-16,CREDITED
BANKREF300289,SETL200289,13346.71,2026-09-12,CREDITED
BANKREF300291,SETL200291,58323.39,2026-08-18,CREDITED
BANKREF300292,SETL200292,7272.42,2026-08-07,CREDITED
BANKREF300293,SETL200293,46273.27,2026-08-19,CREDITED
BANKREF300294,SETL200294,42637.37,2026-08-17,CREDITED
BANKREF300295,SETL200295,38049.58,2026-08-08,CREDITED
BANKREF300296,SETL200296,19769.73,2026-08-16,CREDITED
BANKREF300297,SETL200297,11346.59,2026-08-16,CREDITED
BANKREF300298,SETL200298,34692.58,2026-08-15,CREDITED
BANKREF300299,SETL200299,27917.85,2026-08-20,CREDITED
BANKREF300300,SETL200300,15819.18,2026-08-18,CREDITED
BANKREF300302,SETL200302,36528.61,2026-09-05,CREDITED
BANKREF300303,SETL200303,7319.51,2026-08-12,CREDITED
BANKREF300304,SETL200304,30343.44,2026-08-16,CREDITED
BANKREF300305,SETL200305,37587.63,2026-08-23,CREDITED
BANKREF300306,SETL200306,17347.95,2026-08-08,CREDITED
BANKREF300307,SETL200307,55664.87,2026-08-18,CREDITED
BANKREF300308,SETL200308,24371.48,2026-08-23,CREDITED
BANKREF300309,SETL200309,33524.79,2026-08-10,CREDITED
BANKREF300310,SETL200310,31828.34,2026-08-08,CREDITED
BANKREF300311,SETL200311,33952.25,2026-08-11,CREDITED
BANKREF300312,SETL200312,32382.82,2026-08-16,CREDITED
BANKREF300313,SETL200313,51020.16,2026-08-04,CREDITED
BANKREF300314,SETL200314,12724.15,2026-08-21,CREDITED
BANKREF300315,SETL200315,36380.47,2026-08-09,CREDITED
BANKREF300316,SETL200316,35061.14,2026-08-08,CREDITED
BANKREF300317,SETL200317,8412.87,2026-08-16,CREDITED
BANKREF300318,SETL200318,41928.43,2026-08-10,CREDITED
BANKREF300319,SETL200319,36854.28,2026-08-15,CREDITED
BANKREF300321,SETL200321,19593.07,2026-08-03,CREDITED
BANKREF300322,SETL200322,49767.31,2026-08-20,CREDITED
BANKREF300323,SETL200323,29327.97,2026-08-13,CREDITED
BANKREF300324,SETL200324,46508.78,2026-08-04,CREDITED
BANKREF300325,SETL200325,26228.67,2026-08-03,CREDITED
BANKREF300327,SETL200327,5282.97,2026-08-23,CREDITED
BANKREF300328,SETL200328,25510.75,2026-08-05,CREDITED
BANKREF300329,SETL200329,15741.43,2026-08-07,CREDITED
BANKREF300330,SETL200330,952.62,2026-08-13,CREDITED
BANKREF300331,SETL200331,4619.93,2026-08-15,CREDITED
BANKREF300332,SETL200332,21794.48,2026-08-12,CREDITED
BANKREF300333,SETL200333,4474.5,2026-09-14,CREDITED
BANKREF300334,SETL200334,20699.69,2026-08-09,CREDITED
BANKREF300335,SETL200335,5543.1,2026-08-06,CREDITED
BANKREF300336,SETL200336,56326.11,2026-08-13,CREDITED
BANKREF300337,SETL200337,14990.33,2026-08-22,CREDITED
BANKREF300338,SETL200338,49660.64,2026-08-12,CREDITED
BANKREF300339,SETL200339,17568.82,2026-08-04,CREDITED
BANKREF300340,SETL200340,14576.36,2026-08-23,CREDITED
BANKREF300341,SETL200341,54626.2,2026-08-07,CREDITED
BANKREF300342,SETL200342,32159.1,2026-08-08,CREDITED
BANKREF300343,SETL200343,1296.86,2026-08-09,CREDITED
BANKREF300344,SETL200344,36898.19,2026-08-19,CREDITED
BANKREF300345,SETL200345,37914.87,2026-08-20,CREDITED
BANKREF300346,SETL200346,18597.53,2026-08-19,CREDITED
BANKREF300347,SETL200347,34388.96,2026-08-23,CREDITED
BANKREF300348,SETL200348,40959.18,2026-08-10,CREDITED
BANKREF300349,SETL200349,7186.57,2026-08-22,CREDITED
BANKREF300351,SETL200351,56125.29,2026-08-19,CREDITED
BANKREF300352,SETL200352,7845.23,2026-08-11,CREDITED
BANKREF300353,SETL200353,47274.72,2026-08-11,CREDITED
BANKREF300354,SETL200354,26836.74,2026-08-14,CREDITED
BANKREF300355,SETL200355,9252.95,2026-08-06,CREDITED
BANKREF300356,SETL200356,50286.84,2026-08-03,CREDITED
BANKREF300357,SETL200357,22688.24,2026-08-07,CREDITED
BANKREF300358,SETL200358,19248.46,2026-08-16,CREDITED
BANKREF300359,SETL200359,33883.41,2026-08-06,CREDITED
BANKREF300361,SETL200361,51135.72,2026-08-12,CREDITED
BANKREF300362,SETL200362,17487.63,2026-08-12,CREDITED
BANKREF300363,SETL200363,21985.88,2026-08-18,CREDITED
BANKREF300364,SETL200364,863.83,2026-08-16,CREDITED
BANKREF300365,SETL200365,571.89,2026-08-15,CREDITED
BANKREF300366,SETL200366,31374.0,2026-08-10,CREDITED
BANKREF300367,SETL200367,41943.44,2026-08-05,CREDITED
BANKREF300368,SETL200368,27063.68,2026-08-05,CREDITED
BANKREF300369,SETL200369,4599.52,2026-08-21,CREDITED
BANKREF300370,SETL200370,15605.28,2026-08-13,CREDITED
BANKREF300371,SETL200371,16362.5,2026-08-05,CREDITED
BANKREF300372,SETL200372,6644.1,2026-08-20,CREDITED
BANKREF300373,SETL200373,56406.46,2026-08-09,CREDITED
BANKREF300374,SETL200374,50282.19,2026-08-05,CREDITED
BANKREF300375,SETL200375,49217.89,2026-08-13,CREDITED
BANKREF300376,SETL200376,30169.25,2026-08-12,CREDITED
BANKREF300377,SETL200377,49894.74,2026-08-20,CREDITED
BANKREF300378,SETL200378,27486.21,2026-08-07,CREDITED
BANKREF300379,SETL200379,8109.56,2026-08-15,CREDITED
BANKREF300380,SETL200380,53630.94,2026-08-05,CREDITED
BANKREF300381,SETL200381,5847.28,2026-08-14,CREDITED
BANKREF300382,SETL200382,54320.41,2026-08-16,CREDITED
BANKREF300383,SETL200383,22682.36,2026-08-16,CREDITED
BANKREF300384,SETL200384,16507.27,2026-08-17,CREDITED
BANKREF300385,SETL200385,24538.33,2026-08-21,CREDITED
BANKREF300386,SETL200386,8415.25,2026-08-09,CREDITED
BANKREF300387,SETL200387,57867.96,2026-08-14,CREDITED
BANKREF300388,SETL200388,53394.5,2026-08-19,CREDITED
BANKREF300389,SETL200389,2007.68,2026-08-22,CREDITED
BANKREF300390,SETL200390,47384.93,2026-08-18,CREDITED
BANKREF300391,SETL200391,6322.35,2026-08-10,CREDITED
BANKREF300392,SETL200392,33577.48,2026-08-15,CREDITED
BANKREF300393,SETL200393,47222.67,2026-08-14,CREDITED
BANKREF300394,SETL200394,49262.9,2026-08-18,CREDITED
BANKREF300395,SETL200395,2380.42,2026-08-04,CREDITED
BANKREF300396,SETL200396,13839.11,2026-08-22,CREDITED
BANKREF300397,SETL200397,3642.92,2026-08-07,CREDITED
BANKREF300399,SETL200399,19174.31,2026-08-08,CREDITED
BANKREF300400,SETL200400,10260.23,2026-08-20,CREDITED
BANKREF300402,SETL200402,10841.05,2026-08-03,CREDITED
BANKREF300403,SETL200403,11045.3,2026-08-13,CREDITED
BANKREF300405,SETL200405,37547.54,2026-08-05,CREDITED
BANKREF300406,SETL200406,1150.04,2026-08-09,CREDITED
BANKREF300407,SETL200407,46076.72,2026-08-03,CREDITED
BANKREF300408,SETL200408,56515.39,2026-08-16,CREDITED
BANKREF300409,SETL200409,6344.8,2026-08-18,CREDITED
BANKREF300410,SETL200410,26777.11,2026-08-04,CREDITED
BANKREF300412,SETL200412,43127.81,2026-08-20,CREDITED
BANKREF300413,SETL200413,25500.7,2026-08-23,CREDITED
BANKREF300414,SETL200414,3620.95,2026-08-13,CREDITED
BANKREF300415,SETL200415,17714.4,2026-08-11,CREDITED
BANKREF300416,SETL200416,3664.42,2026-08-03,CREDITED
BANKREF300417,SETL200417,12003.72,2026-08-03,CREDITED
BANKREF300418,SETL200418,49530.38,2026-08-12,CREDITED
BANKREF300420,SETL200420,11303.23,2026-08-04,CREDITED
BANKREF300421,SETL200421,13592.39,2026-08-11,CREDITED
BANKREF300422,SETL200422,5498.5,2026-08-14,CREDITED
BANKREF300423,SETL200423,48904.07,2026-08-19,CREDITED
BANKREF300424,SETL200424,17932.8,2026-08-16,CREDITED
BANKREF300425,SETL200425,55951.94,2026-08-23,CREDITED
BANKREF300426,SETL200426,2975.38,2026-08-05,CREDITED
BANKREF300428,SETL200428,33085.56,2026-08-20,CREDITED
BANKREF300429,SETL200429,24705.09,2026-08-07,CREDITED
BANKREF300430,SETL200430,33366.21,2026-08-06,CREDITED
BANKREF300431,SETL200431,10129.21,2026-08-23,CREDITED
BANKREF300432,SETL200432,16532.44,2026-08-07,CREDITED
BANKREF300433,SETL200433,23440.01,2026-08-13,CREDITED
BANKREF300434,SETL200434,54246.43,2026-08-14,CREDITED
BANKREF300435,SETL200435,16726.51,2026-08-19,CREDITED
BANKREF300436,SETL200436,56959.54,2026-08-17,CREDITED
BANKREF300437,SETL200437,26238.57,2026-08-16,CREDITED
BANKREF300438,SETL200438,30369.38,2026-08-08,CREDITED
BANKREF300440,SETL200440,51506.21,2026-08-09,CREDITED
BANKREF300441,SETL200441,3436.56,2026-08-14,CREDITED
BANKREF300442,SETL200442,48289.8,2026-08-19,CREDITED
BANKREF300444,SETL200444,20443.05,2026-08-11,CREDITED
BANKREF300445,SETL200445,3350.92,2026-08-21,CREDITED
BANKREF300446,SETL200446,16075.77,2026-08-16,CREDITED
BANKREF300447,SETL200447,53702.33,2026-08-24,CREDITED
BANKREF300448,SETL200448,41773.91,2026-08-23,CREDITED
BANKREF300449,SETL200449,26922.15,2026-08-09,CREDITED
BANKREF300450,SETL200450,1261.56,2026-08-14,CREDITED
BANKREF300451,SETL200451,2448.23,2026-08-11,CREDITED
BANKREF300452,SETL200452,11397.97,2026-08-19,CREDITED
BANKREF300453,SETL200453,39950.16,2026-08-03,CREDITED
BANKREF300454,SETL200454,52640.19,2026-08-15,CREDITED
BANKREF300455,SETL200455,53411.06,2026-08-14,CREDITED
BANKREF300456,SETL200456,6166.09,2026-08-07,CREDITED
BANKREF300457,SETL200457,38424.33,2026-08-12,CREDITED
BANKREF300458,SETL200458,22033.35,2026-08-21,CREDITED
BANKREF300459,SETL200459,28080.77,2026-08-09,CREDITED
BANKREF300460,SETL200460,24416.97,2026-08-07,CREDITED
BANKREF300461,SETL200461,57561.37,2026-08-24,CREDITED
BANKREF300462,SETL200462,19904.85,2026-08-08,CREDITED
BANKREF300463,SETL200463,26702.98,2026-08-09,CREDITED
BANKREF300464,SETL200464,36283.09,2026-08-23,CREDITED
BANKREF300465,SETL200465,22864.13,2026-08-04,CREDITED
BANKREF300466,SETL200466,52219.16,2026-08-19,CREDITED
BANKREF300467,SETL200467,13679.42,2026-08-14,CREDITED
BANKREF300468,SETL200468,10161.82,2026-08-04,CREDITED
BANKREF300469,SETL200469,25626.46,2026-08-07,CREDITED
BANKREF300470,SETL200470,10101.31,2026-08-15,CREDITED
BANKREF300471,SETL200471,12791.39,2026-08-03,CREDITED
BANKREF300472,SETL200472,21909.36,2026-08-23,CREDITED
BANKREF300473,SETL200473,34931.13,2026-08-04,CREDITED
BANKREF300474,SETL200474,40488.78,2026-08-21,CREDITED
BANKREF300475,SETL200475,41462.36,2026-08-09,CREDITED
BANKREF300476,SETL200476,24866.72,2026-08-06,CREDITED
BANKREF300477,SETL200477,48509.99,2026-08-06,CREDITED
BANKREF300478,SETL200478,7091.22,2026-08-06,CREDITED
BANKREF300479,SETL200479,48653.26,2026-08-09,CREDITED
BANKREF300480,SETL200480,2511.84,2026-08-18,CREDITED
BANKREF300481,SETL200481,649.46,2026-08-05,CREDITED
BANKREF300482,SETL200482,55512.74,2026-08-19,CREDITED
BANKREF300483,SETL200483,26856.05,2026-08-12,CREDITED
BANKREF300484,SETL200484,21353.05,2026-08-13,CREDITED
BANKREF300486,SETL200486,21212.79,2026-08-17,CREDITED
BANKREF300487,SETL200487,47960.5,2026-08-08,CREDITED
BANKREF300488,SETL200488,47185.77,2026-08-23,CREDITED
BANKREF300490,SETL200490,11067.37,2026-08-15,CREDITED
BANKREF300491,SETL200491,28629.01,2026-08-18,CREDITED
BANKREF300492,SETL200492,15775.91,2026-08-13,CREDITED
BANKREF300493,SETL200493,30372.28,2026-08-22,CREDITED
BANKREF300495,SETL200495,37485.77,2026-08-08,CREDITED
BANKREF300496,SETL200496,44393.87,2026-08-20,CREDITED
BANKREF300497,SETL200497,32579.55,2026-08-15,CREDITED
BANKREF300498,SETL200498,26418.1,2026-08-21,CREDITED
BANKREF300499,SETL200499,18593.53,2026-08-18,CREDITED
BANKREF300500,SETL200500,32797.22,2026-08-03,CREDITED
BANKREF300501,SETL200501,38647.82,2026-08-17,CREDITED
BANKREF300502,SETL200502,49707.14,2026-08-13,CREDITED
BANKREF300503,SETL200503,41988.23,2026-08-06,CREDITED
BANKREF300504,SETL200504,20282.88,2026-08-23,CREDITED
BANKREF300505,SETL200505,3165.6,2026-08-08,CREDITED
BANKREF300506,SETL200506,15348.02,2026-08-10,CREDITED
BANKREF300507,SETL200507,48443.07,2026-08-09,CREDITED
BANKREF300509,SETL200509,1208.86,2026-08-04,CREDITED
BANKREF300510,SETL200510,43041.0,2026-08-12,CREDITED
BANKREF300511,SETL200511,24688.02,2026-08-22,CREDITED
BANKREF300512,SETL200512,56196.89,2026-08-12,CREDITED
BANKREF300513,SETL200513,35005.89,2026-08-19,CREDITED
BANKREF300514,SETL200514,12200.16,2026-08-22,CREDITED
BANKREF300515,SETL200515,57929.3,2026-08-23,CREDITED
BANKREF300516,SETL200516,34511.08,2026-08-16,CREDITED
BANKREF300517,SETL200517,47217.78,2026-08-19,CREDITED
BANKREF300518,SETL200518,3580.55,2026-08-04,CREDITED
BANKREF300519,SETL200519,40073.74,2026-08-07,CREDITED
BANKREF300520,SETL200520,21287.71,2026-08-17,CREDITED
BANKREF300521,SETL200521,14218.24,2026-08-12,CREDITED
BANKREF300522,SETL200522,22780.81,2026-08-13,CREDITED
BANKREF300523,SETL200523,49311.49,2026-08-23,CREDITED
BANKREF300524,SETL200524,17638.17,2026-08-08,CREDITED
BANKREF300525,SETL200525,43308.07,2026-08-06,CREDITED
BANKREF300526,SETL200526,32729.04,2026-08-07,CREDITED
BANKREF300527,SETL200527,19656.83,2026-08-07,CREDITED
BANKREF300528,SETL200528,28903.07,2026-08-21,CREDITED
BANKREF300529,SETL200529,30814.95,2026-08-19,CREDITED
BANKREF300530,SETL200530,20905.12,2026-08-09,CREDITED
BANKREF300531,SETL200531,17289.26,2026-08-22,CREDITED
BANKREF300532,SETL200532,14053.74,2026-08-23,CREDITED
BANKREF300533,SETL200533,53441.03,2026-08-06,CREDITED
BANKREF300535,SETL200535,3044.93,2026-08-23,CREDITED
BANKREF300536,SETL200536,10291.65,2026-08-20,CREDITED
BANKREF300538,SETL200538,44128.66,2026-08-07,CREDITED
BANKREF300539,SETL200539,4783.93,2026-08-08,CREDITED
BANKREF300540,SETL200540,24099.85,2026-08-17,CREDITED
BANKREF300541,SETL200541,1466.29,2026-08-06,CREDITED
BANKREF300542,SETL200542,41134.43,2026-08-29,CREDITED
BANKREF300543,SETL200543,35623.51,2026-08-12,CREDITED
BANKREF300544,SETL200544,28072.85,2026-08-20,CREDITED
BANKREF300545,SETL200545,17851.37,2026-08-23,CREDITED
BANKREF300546,SETL200546,2931.6,2026-08-21,CREDITED
BANKREF300547,SETL200547,12654.58,2026-08-14,CREDITED
BANKREF300548,SETL200548,11207.12,2026-08-22,CREDITED
BANKREF300549,SETL200549,39574.14,2026-08-21,CREDITED
BANKREF300550,SETL200550,17472.57,2026-08-05,CREDITED
BANKREF300551,SETL200551,56039.1,2026-08-14,CREDITED
BANKREF300552,SETL200552,17150.34,2026-08-05,CREDITED
BANKREF300553,SETL200553,19654.77,2026-08-12,CREDITED
BANKREF300555,SETL200555,46287.86,2026-08-23,CREDITED
BANKREF300556,SETL200556,40075.22,2026-08-13,CREDITED
BANKREF300557,SETL200557,45399.93,2026-08-18,CREDITED
BANKREF300558,SETL200558,49673.38,2026-08-07,CREDITED
BANKREF300559,SETL200559,42991.38,2026-08-03,CREDITED
BANKREF300560,SETL200560,44956.69,2026-09-02,CREDITED
BANKREF300561,SETL200561,21798.53,2026-08-10,CREDITED
BANKREF300562,SETL200562,29742.12,2026-08-05,CREDITED
BANKREF300563,SETL200563,49920.74,2026-08-22,CREDITED
BANKREF300564,SETL200564,9780.71,2026-08-21,CREDITED
BANKREF300565,SETL200565,55317.21,2026-08-04,CREDITED
BANKREF300566,SETL200566,15936.24,2026-08-10,CREDITED
BANKREF300567,SETL200567,22984.67,2026-08-17,CREDITED
BANKREF300568,SETL200568,41607.32,2026-08-19,CREDITED
BANKREF300569,SETL200569,38276.8,2026-08-14,CREDITED
BANKREF300570,SETL200570,22286.49,2026-08-10,CREDITED
BANKREF300571,SETL200571,28710.22,2026-08-18,CREDITED
BANKREF300572,SETL200572,10183.93,2026-08-05,CREDITED
BANKREF300573,SETL200573,9655.6,2026-08-27,CREDITED
BANKREF300574,SETL200574,47383.6,2026-08-06,CREDITED
BANKREF300575,SETL200575,12786.39,2026-08-08,CREDITED
BANKREF300576,SETL200576,3004.85,2026-08-21,CREDITED
BANKREF300577,SETL200577,52180.7,2026-08-07,CREDITED
BANKREF300578,SETL200578,51436.33,2026-08-12,CREDITED
BANKREF300579,SETL200579,50780.38,2026-08-08,CREDITED
BANKREF300580,SETL200580,10202.45,2026-08-13,CREDITED
BANKREF300581,SETL200581,22594.15,2026-08-07,CREDITED
BANKREF300582,SETL200582,28141.44,2026-08-22,CREDITED
BANKREF300583,SETL200583,53030.35,2026-08-20,CREDITED
BANKREF300584,SETL200584,21895.95,2026-08-04,CREDITED
BANKREF300585,SETL200585,54984.96,2026-08-18,CREDITED
BANKREF300586,SETL200586,16054.96,2026-08-10,CREDITED
BANKREF300587,SETL200587,11436.26,2026-08-03,CREDITED
BANKREF300588,SETL200588,22235.81,2026-08-09,CREDITED
BANKREF300589,SETL200589,6665.7,2026-08-16,CREDITED
BANKREF300590,SETL200590,35957.51,2026-08-15,CREDITED
BANKREF300591,SETL200591,22054.5,2026-08-20,CREDITED
BANKREF300592,SETL200592,45366.74,2026-08-15,CREDITED
BANKREF300593,SETL200593,26522.93,2026-08-08,CREDITED
BANKREF300594,SETL200594,46912.17,2026-08-22,CREDITED
BANKREF300595,SETL200595,23154.89,2026-08-23,CREDITED
BANKREF300596,SETL200596,54564.42,2026-08-16,CREDITED
BANKREF300597,SETL200597,36073.97,2026-08-15,CREDITED
BANKREF300598,SETL200598,55334.17,2026-08-08,CREDITED
BANKREF300599,SETL200599,12183.53,2026-08-19,CREDITED
BANKREF300600,SETL200600,39406.83,2026-08-14,CREDITED
BANKREF300601,SETL200601,20898.54,2026-08-15,CREDITED
BANKREF300602,SETL200602,43224.85,2026-08-05,CREDITED
BANKREF300603,SETL200603,20630.07,2026-08-11,CREDITED
BANKREF300604,SETL200604,54932.31,2026-08-21,CREDITED
BANKREF300606,SETL200606,40699.44,2026-08-15,CREDITED
BANKREF300607,SETL200607,56209.59,2026-08-17,CREDITED
BANKREF300608,SETL200608,7272.88,2026-08-05,CREDITED
BANKREF300609,SETL200609,47133.16,2026-08-16,CREDITED
BANKREF300610,SETL200610,14867.68,2026-08-05,CREDITED
BANKREF300612,SETL200612,52621.69,2026-08-11,CREDITED
BANKREF300613,SETL200613,43520.03,2026-08-10,CREDITED
BANKREF300614,SETL200614,13676.3,2026-08-10,CREDITED
BANKREF300615,SETL200615,36322.19,2026-08-20,CREDITED
BANKREF300616,SETL200616,29027.83,2026-08-21,CREDITED
BANKREF300617,SETL200617,3643.64,2026-08-16,CREDITED
BANKREF300618,SETL200618,50230.04,2026-08-08,CREDITED
BANKREF300620,SETL200620,19504.84,2026-08-22,CREDITED
BANKREF300621,SETL200621,16194.3,2026-08-22,CREDITED
BANKREF300622,SETL200622,25624.55,2026-08-16,CREDITED
BANKREF300623,SETL200623,10987.32,2026-08-07,CREDITED
BANKREF300624,SETL200624,42605.19,2026-08-10,CREDITED
BANKREF300625,SETL200625,46679.34,2026-08-07,CREDITED
BANKREF300626,SETL200626,58718.13,2026-08-23,CREDITED
BANKREF300627,SETL200627,33049.94,2026-08-21,CREDITED
BANKREF300628,SETL200628,2829.48,2026-08-11,CREDITED
BANKREF300629,SETL200629,15545.8,2026-08-14,CREDITED
BANKREF300630,SETL200630,7490.19,2026-08-22,CREDITED
BANKREF300631,SETL200631,21057.29,2026-08-19,CREDITED
BANKREF300632,SETL200632,35963.25,2026-08-17,CREDITED
BANKREF300633,SETL200633,24939.59,2026-08-22,CREDITED
BANKREF300634,SETL200634,9955.92,2026-08-10,CREDITED
BANKREF300635,SETL200635,36004.56,2026-08-15,CREDITED
BANKREF300636,SETL200636,10459.39,2026-08-03,CREDITED
BANKREF300637,SETL200637,23279.92,2026-08-06,CREDITED
BANKREF300638,SETL200638,45197.25,2026-08-19,CREDITED
BANKREF300639,SETL200639,5400.66,2026-08-15,CREDITED
BANKREF300640,SETL200640,26157.88,2026-08-07,CREDITED
BANKREF300642,SETL200642,32262.53,2026-08-07,CREDITED
BANKREF300643,SETL200643,37327.59,2026-08-23,CREDITED
BANKREF300646,SETL200646,20520.88,2026-08-18,CREDITED
BANKREF300647,SETL200647,17977.08,2026-08-16,CREDITED
BANKREF300649,SETL200649,42134.82,2026-08-23,CREDITED
BANKREF300650,SETL200650,5075.19,2026-08-23,CREDITED
BANKREF300651,SETL200651,37848.56,2026-08-20,CREDITED
BANKREF300652,SETL200652,17103.74,2026-08-23,CREDITED
BANKREF300653,SETL200653,19180.93,2026-08-31,CREDITED
BANKREF300654,SETL200654,16973.74,2026-08-07,CREDITED
BANKREF300655,SETL200655,5747.65,2026-08-03,CREDITED
BANKREF300656,SETL200656,18495.97,2026-08-18,CREDITED
BANKREF300657,SETL200657,2911.11,2026-08-07,CREDITED
BANKREF300658,SETL200658,11087.4,2026-08-11,CREDITED
BANKREF300659,SETL200659,22538.72,2026-08-17,CREDITED
BANKREF300660,SETL200660,30938.94,2026-08-09,CREDITED
BANKREF300661,SETL200661,9681.76,2026-08-04,CREDITED
BANKREF300662,SETL200662,28186.97,2026-08-12,CREDITED
BANKREF300663,SETL200663,14277.47,2026-08-16,CREDITED
BANKREF300664,SETL200664,34356.69,2026-08-15,CREDITED
BANKREF300665,SETL200665,40676.41,2026-08-07,CREDITED
BANKREF300666,SETL200666,29609.93,2026-08-22,CREDITED
BANKREF300667,SETL200667,21104.15,2026-08-07,CREDITED
BANKREF300668,SETL200668,28906.48,2026-08-13,CREDITED
BANKREF300669,SETL200669,43290.98,2026-08-03,CREDITED
BANKREF300670,SETL200670,15092.63,2026-08-09,CREDITED
BANKREF300671,SETL200671,11564.52,2026-08-08,CREDITED
BANKREF300672,SETL200672,16559.17,2026-08-22,CREDITED
BANKREF300673,SETL200673,26451.05,2026-08-11,CREDITED
BANKREF300674,SETL200674,51920.55,2026-08-22,CREDITED
BANKREF300675,SETL200675,42283.3,2026-08-20,CREDITED
BANKREF300677,SETL200677,6114.82,2026-08-05,CREDITED
BANKREF300678,SETL200678,12205.09,2026-08-18,CREDITED
BANKREF300679,SETL200679,38887.89,2026-08-19,CREDITED
BANKREF300682,SETL200682,46529.33,2026-08-04,CREDITED
BANKREF300683,SETL200683,48762.49,2026-08-05,CREDITED
BANKREF300684,SETL200684,11434.97,2026-08-19,CREDITED
BANKREF300685,SETL200685,43621.47,2026-08-23,CREDITED
BANKREF300686,SETL200686,51526.63,2026-08-08,CREDITED
BANKREF300687,SETL200687,38603.89,2026-08-20,CREDITED
BANKREF300688,SETL200688,32375.04,2026-08-13,CREDITED
BANKREF300689,SETL200689,35756.52,2026-08-21,CREDITED
BANKREF300690,SETL200690,21341.11,2026-08-17,CREDITED
BANKREF300691,SETL200691,57776.96,2026-08-22,CREDITED
BANKREF300692,SETL200692,13012.39,2026-08-13,CREDITED
BANKREF300693,SETL200693,2695.75,2026-08-14,CREDITED
BANKREF300695,SETL200695,23119.68,2026-08-21,CREDITED
BANKREF300696,SETL200696,28931.73,2026-08-21,CREDITED
BANKREF300697,SETL200697,42868.98,2026-08-21,CREDITED
BANKREF300698,SETL200698,20656.45,2026-08-16,CREDITED
BANKREF300699,SETL200699,37248.88,2026-08-23,CREDITED
BANKREF300700,SETL200700,19047.45,2026-08-21,CREDITED
BANKREF300701,SETL200701,39554.18,2026-08-15,CREDITED
BANKREF300702,SETL200702,25668.41,2026-08-15,CREDITED
BANKREF300703,SETL200703,28293.16,2026-08-09,CREDITED
BANKREF300704,SETL200704,29496.41,2026-08-07,CREDITED
BANKREF300705,SETL200705,23564.88,2026-08-21,CREDITED
BANKREF300706,SETL200706,4666.15,2026-08-16,CREDITED
BANKREF300707,SETL200707,39738.35,2026-08-16,CREDITED
BANKREF300708,SETL200708,20459.05,2026-08-30,CREDITED
BANKREF300709,SETL200709,36868.38,2026-08-23,CREDITED
BANKREF300710,SETL200710,44627.68,2026-08-05,CREDITED
BANKREF300711,SETL200711,51094.54,2026-08-12,CREDITED
BANKREF300712,SETL200712,26557.63,2026-08-03,CREDITED
BANKREF300713,SETL200713,32342.22,2026-08-11,CREDITED
BANKREF300714,SETL200714,22327.27,2026-08-19,CREDITED
BANKREF300715,SETL200715,16957.1,2026-08-22,CREDITED
BANKREF300716,SETL200716,23197.88,2026-08-11,CREDITED
BANKREF300717,SETL200717,1605.64,2026-08-23,CREDITED
BANKREF300718,SETL200718,53300.41,2026-08-18,CREDITED
BANKREF300719,SETL200719,12074.02,2026-08-17,CREDITED
BANKREF300720,SETL200720,54251.18,2026-08-12,CREDITED
BANKREF300721,SETL200721,1559.69,2026-08-14,CREDITED
BANKREF300722,SETL200722,58548.75,2026-08-20,CREDITED
BANKREF300723,SETL200723,51964.8,2026-08-03,CREDITED
BANKREF300724,SETL200724,38465.09,2026-08-05,CREDITED
BANKREF300725,SETL200725,14378.13,2026-08-07,CREDITED
BANKREF300726,SETL200726,32142.31,2026-08-09,CREDITED
BANKREF300727,SETL200727,18488.73,2026-08-19,CREDITED
BANKREF300729,SETL200729,49153.78,2026-08-07,CREDITED
BANKREF300730,SETL200730,56058.26,2026-08-12,CREDITED
BANKREF300731,SETL200731,45905.67,2026-08-06,CREDITED
BANKREF300732,SETL200732,35253.13,2026-08-10,CREDITED
BANKREF300733,SETL200733,40696.17,2026-08-18,CREDITED
BANKREF300734,SETL200734,11152.14,2026-08-15,CREDITED
BANKREF300735,SETL200735,13679.85,2026-08-16,CREDITED
BANKREF300736,SETL200736,43764.18,2026-08-09,CREDITED
BANKREF300737,SETL200737,51110.89,2026-08-18,CREDITED
BANKREF300738,SETL200738,25413.09,2026-08-04,CREDITED
BANKREF300739,SETL200739,35838.42,2026-08-21,CREDITED
BANKREF300740,SETL200740,27160.04,2026-08-04,CREDITED
BANKREF300741,SETL200741,11495.86,2026-08-17,CREDITED
BANKREF300743,SETL200743,48936.94,2026-08-17,CREDITED
BANKREF300744,SETL200744,46077.67,2026-08-20,CREDITED
BANKREF300745,SETL200745,26916.52,2026-08-09,CREDITED
BANKREF300746,SETL200746,40585.6,2026-08-08,CREDITED
BANKREF300747,SETL200747,41752.83,2026-08-23,CREDITED
BANKREF300748,SETL200748,22547.63,2026-08-15,CREDITED
BANKREF300749,SETL200749,9933.26,2026-08-07,CREDITED
BANKREF300751,SETL200751,52732.97,2026-08-09,CREDITED
BANKREF300752,SETL200752,29951.39,2026-08-18,CREDITED
BANKREF300753,SETL200753,26975.63,2026-08-17,CREDITED
BANKREF300754,SETL200754,51913.53,2026-08-11,CREDITED
BANKREF300755,SETL200755,11020.27,2026-08-04,CREDITED
BANKREF300756,SETL200756,19667.16,2026-08-05,CREDITED
BANKREF300757,SETL200757,9887.32,2026-08-12,CREDITED
BANKREF300759,SETL200759,21537.45,2026-08-15,CREDITED
BANKREF300760,SETL200760,7622.25,2026-08-11,CREDITED
BANKREF300761,SETL200761,35862.52,2026-08-06,CREDITED
BANKREF300762,SETL200762,35684.59,2026-08-13,CREDITED
BANKREF300763,SETL200763,36272.05,2026-08-18,CREDITED
BANKREF300764,SETL200764,47657.57,2026-08-22,CREDITED
BANKREF300765,SETL200765,7340.73,2026-08-17,CREDITED
BANKREF300766,SETL200766,24420.68,2026-08-13,CREDITED
BANKREF300767,SETL200767,37639.28,2026-08-12,CREDITED
BANKREF300768,SETL200768,29837.94,2026-08-13,CREDITED
BANKREF300769,SETL200769,23445.88,2026-08-21,CREDITED
BANKREF300770,SETL200770,20021.95,2026-08-13,CREDITED
BANKREF300771,SETL200771,9556.74,2026-08-17,CREDITED
BANKREF300772,SETL200772,33212.38,2026-08-14,CREDITED
BANKREF300773,SETL200773,4325.47,2026-08-07,CREDITED
BANKREF300774,SETL200774,36454.47,2026-08-08,CREDITED
BANKREF300775,SETL200775,41340.95,2026-08-13,CREDITED
BANKREF300776,SETL200776,5752.18,2026-08-10,CREDITED
BANKREF300777,SETL200777,7027.0,2026-08-04,CREDITED
BANKREF300778,SETL200778,46826.48,2026-08-19,CREDITED
BANKREF300779,SETL200779,43247.3,2026-08-19,CREDITED
BANKREF300780,SETL200780,48525.07,2026-08-19,CREDITED
BANKREF300781,SETL200781,27127.24,2026-08-19,CREDITED
BANKREF300782,SETL200782,40332.34,2026-08-22,CREDITED
BANKREF300783,SETL200783,6464.72,2026-08-12,CREDITED
BANKREF300784,SETL200784,19194.73,2026-08-09,CREDITED
BANKREF300786,SETL200786,1382.35,2026-08-22,CREDITED
BANKREF300787,SETL200787,32115.15,2026-08-20,CREDITED
BANKREF300788,SETL200788,33741.86,2026-08-08,CREDITED
BANKREF300789,SETL200789,3446.3,2026-08-03,CREDITED
BANKREF300790,SETL200790,22706.95,2026-08-05,CREDITED
BANKREF300791,SETL200791,18599.14,2026-08-09,CREDITED
BANKREF300792,SETL200792,33895.05,2026-08-05,CREDITED
BANKREF300793,SETL200793,14011.88,2026-09-03,CREDITED
BANKREF300794,SETL200794,11081.84,2026-08-13,CREDITED
BANKREF300795,SETL200795,4276.03,2026-08-06,CREDITED
BANKREF300797,SETL200797,24193.5,2026-08-06,CREDITED
BANKREF300798,SETL200798,31145.56,2026-08-15,CREDITED
BANKREF300799,SETL200799,57218.95,2026-08-15,CREDITED
BANKREF300800,SETL200800,45830.59,2026-08-16,CREDITED
BANKREF300801,SETL200801,39086.84,2026-08-05,CREDITED
BANKREF300802,SETL200802,35147.43,2026-08-17,CREDITED
BANKREF300803,SETL200803,55858.53,2026-08-05,CREDITED
BANKREF300804,SETL200804,29141.14,2026-08-04,CREDITED
BANKREF300805,SETL200805,44393.63,2026-08-07,CREDITED
BANKREF300806,SETL200806,36108.0,2026-08-17,CREDITED
BANKREF300807,SETL200807,53693.1,2026-08-16,CREDITED
BANKREF300808,SETL200808,35949.95,2026-08-19,CREDITED
BANKREF300809,SETL200809,21899.02,2026-08-20,CREDITED
BANKREF300810,SETL200810,50810.06,2026-08-03,CREDITED
BANKREF300811,SETL200811,41748.24,2026-08-15,CREDITED
BANKREF300812,SETL200812,28150.88,2026-08-14,CREDITED
BANKREF300813,SETL200813,17237.78,2026-08-07,CREDITED
BANKREF300814,SETL200814,56953.02,2026-08-07,CREDITED
BANKREF300815,SETL200815,26958.08,2026-08-16,CREDITED
BANKREF300816,SETL200816,13573.2,2026-08-16,CREDITED
BANKREF300817,SETL200817,42086.47,2026-08-11,CREDITED
BANKREF300818,SETL200818,57220.12,2026-08-21,CREDITED
BANKREF300819,SETL200819,56634.5,2026-08-05,CREDITED
BANKREF300820,SETL200820,30666.13,2026-08-19,CREDITED
BANKREF300821,SETL200821,37305.12,2026-08-05,CREDITED
BANKREF300823,SETL200823,33994.92,2026-08-16,CREDITED
BANKREF300824,SETL200824,2547.26,2026-08-22,CREDITED
BANKREF300825,SETL200825,36982.84,2026-08-21,CREDITED
BANKREF300826,SETL200826,47343.93,2026-08-22,CREDITED
BANKREF300827,SETL200827,7900.61,2026-08-05,CREDITED
BANKREF300828,SETL200828,16429.37,2026-08-11,CREDITED
BANKREF300830,SETL200830,11041.03,2026-08-26,CREDITED
BANKREF300831,SETL200831,49280.75,2026-08-16,CREDITED
BANKREF300832,SETL200832,8436.71,2026-08-14,CREDITED
BANKREF300834,SETL200834,40001.89,2026-08-15,CREDITED
BANKREF300835,SETL200835,1165.94,2026-08-17,CREDITED
BANKREF300836,SETL200836,6131.91,2026-08-20,CREDITED
BANKREF300837,SETL200837,19890.54,2026-08-11,CREDITED
BANKREF300838,SETL200838,45624.11,2026-08-10,CREDITED
BANKREF300839,SETL200839,39832.4,2026-08-08,CREDITED
BANKREF300840,SETL200840,1189.82,2026-08-06,CREDITED
BANKREF300841,SETL200841,15078.44,2026-08-04,CREDITED
BANKREF300842,SETL200842,54578.85,2026-08-09,CREDITED
BANKREF300843,SETL200843,38434.03,2026-08-23,CREDITED
BANKREF300844,SETL200844,15246.37,2026-08-17,CREDITED
BANKREF300845,SETL200845,45053.68,2026-08-13,CREDITED
BANKREF300846,SETL200846,45302.73,2026-08-15,CREDITED
BANKREF300849,SETL200849,36279.41,2026-08-06,CREDITED
BANKREF300850,SETL200850,4714.16,2026-08-21,CREDITED
BANKREF300851,SETL200851,52480.5,2026-08-07,CREDITED
BANKREF300852,SETL200852,39030.5,2026-08-11,CREDITED
BANKREF300853,SETL200853,30375.94,2026-08-18,CREDITED
BANKREF300854,SETL200854,32048.42,2026-08-03,CREDITED
BANKREF300855,SETL200855,19816.45,2026-08-12,CREDITED
BANKREF300856,SETL200856,31907.65,2026-08-13,CREDITED
BANKREF300857,SETL200857,32787.84,2026-08-15,CREDITED
BANKREF300858,SETL200858,52139.39,2026-08-23,CREDITED
BANKREF300859,SETL200859,8366.22,2026-08-09,CREDITED
BANKREF300860,SETL200860,23182.4,2026-08-20,CREDITED
BANKREF300861,SETL200861,56916.85,2026-08-03,CREDITED
BANKREF300863,SETL200863,43655.93,2026-08-10,CREDITED
BANKREF300865,SETL200865,869.18,2026-08-23,CREDITED
BANKREF300866,SETL200866,48048.14,2026-08-06,CREDITED
BANKREF300867,SETL200867,47491.81,2026-08-16,CREDITED
BANKREF300868,SETL200868,7489.99,2026-08-21,CREDITED
BANKREF300869,SETL200869,45082.01,2026-08-21,CREDITED
BANKREF300870,SETL200870,44616.99,2026-08-08,CREDITED
BANKREF300871,SETL200871,14580.56,2026-08-21,CREDITED
BANKREF300872,SETL200872,1399.97,2026-08-18,CREDITED
BANKREF300873,SETL200873,39288.91,2026-08-23,CREDITED
BANKREF300874,SETL200874,12498.39,2026-08-23,CREDITED
BANKREF300875,SETL200875,55173.33,2026-08-22,CREDITED
BANKREF300876,SETL200876,36218.42,2026-08-05,CREDITED
BANKREF300877,SETL200877,744.25,2026-08-10,CREDITED
BANKREF300878,SETL200878,50499.16,2026-08-20,CREDITED
BANKREF300879,SETL200879,16603.42,2026-08-09,CREDITED
BANKREF300880,SETL200880,10779.15,2026-08-04,CREDITED
BANKREF300881,SETL200881,12955.32,2026-08-11,CREDITED
BANKREF300882,SETL200882,54124.66,2026-08-08,CREDITED
BANKREF300883,SETL200883,4836.68,2026-08-10,CREDITED
BANKREF300885,SETL200885,43132.96,2026-08-09,CREDITED
BANKREF300886,SETL200886,52131.15,2026-08-07,CREDITED
BANKREF300887,SETL200887,8394.43,2026-08-09,CREDITED
BANKREF300888,SETL200888,20069.76,2026-08-04,CREDITED
BANKREF300889,SETL200889,8393.95,2026-08-17,CREDITED
BANKREF300890,SETL200890,13231.93,2026-08-12,CREDITED
BANKREF300891,SETL200891,5212.42,2026-08-19,CREDITED
BANKREF300892,SETL200892,16783.74,2026-08-16,CREDITED
BANKREF300893,SETL200893,25660.29,2026-08-10,CREDITED
BANKREF300894,SETL200894,57156.18,2026-08-04,CREDITED
BANKREF300895,SETL200895,31190.51,2026-08-18,CREDITED
BANKREF300896,SETL200896,14526.65,2026-08-20,CREDITED
BANKREF300897,SETL200897,21366.72,2026-08-10,CREDITED
BANKREF300898,SETL200898,39288.79,2026-08-08,CREDITED
BANKREF300899,SETL200899,51411.82,2026-08-22,CREDITED
BANKREF300900,SETL200900,50467.6,2026-08-05,CREDITED
BANKREF300901,SETL200901,25158.15,2026-08-11,CREDITED
BANKREF300902,SETL200902,36741.56,2026-08-13,CREDITED
BANKREF300903,SETL200903,7249.41,2026-08-14,CREDITED
BANKREF300904,SETL200904,33253.7,2026-08-09,CREDITED
BANKREF300905,SETL200905,38411.55,2026-08-21,CREDITED
BANKREF300906,SETL200906,52539.8,2026-08-19,CREDITED
BANKREF300907,SETL200907,3940.09,2026-08-14,CREDITED
BANKREF300909,SETL200909,23316.9,2026-08-08,CREDITED
BANKREF300910,SETL200910,16563.23,2026-08-07,CREDITED
BANKREF300911,SETL200911,17488.11,2026-08-20,CREDITED
BANKREF300912,SETL200912,26144.86,2026-08-23,CREDITED
BANKREF300913,SETL200913,1778.48,2026-08-10,CREDITED
BANKREF300914,SETL200914,38562.73,2026-08-13,CREDITED
BANKREF300915,SETL200915,18238.16,2026-08-09,CREDITED
BANKREF300916,SETL200916,22197.74,2026-08-12,CREDITED
BANKREF300917,SETL200917,26897.38,2026-08-08,CREDITED
BANKREF300919,SETL200919,58121.38,2026-08-21,CREDITED
BANKREF300920,SETL200920,11182.3,2026-08-20,CREDITED
BANKREF300921,SETL200921,9063.38,2026-08-17,CREDITED
BANKREF300922,SETL200922,54268.05,2026-08-15,CREDITED
BANKREF300923,SETL200923,9732.53,2026-08-20,CREDITED
BANKREF300924,SETL200924,31641.19,2026-08-17,CREDITED
BANKREF300925,SETL200925,39882.82,2026-08-06,CREDITED
BANKREF300926,SETL200926,21350.67,2026-08-13,CREDITED
BANKREF300927,SETL200927,46032.72,2026-08-11,CREDITED
BANKREF300928,SETL200928,40014.15,2026-08-05,CREDITED
BANKREF300929,SETL200929,18697.28,2026-08-22,CREDITED
BANKREF300930,SETL200930,9034.52,2026-08-16,CREDITED
BANKREF300931,SETL200931,16994.02,2026-08-14,CREDITED
BANKREF300932,SETL200932,43414.82,2026-08-17,CREDITED
BANKREF300933,SETL200933,42183.44,2026-08-16,CREDITED
BANKREF300934,SETL200934,27979.84,2026-08-19,CREDITED
BANKREF300935,SETL200935,877.68,2026-08-23,CREDITED
BANKREF300936,SETL200936,41951.54,2026-08-07,CREDITED
BANKREF300937,SETL200937,32996.36,2026-08-04,CREDITED
BANKREF300939,SETL200939,7734.62,2026-08-12,CREDITED
BANKREF300940,SETL200940,2154.62,2026-08-11,CREDITED
BANKREF300941,SETL200941,33505.04,2026-08-11,CREDITED
BANKREF300942,SETL200942,21949.76,2026-08-21,CREDITED
BANKREF300943,SETL200943,18974.22,2026-08-07,CREDITED
BANKREF300944,SETL200944,37269.06,2026-08-14,CREDITED
BANKREF300945,SETL200945,30119.92,2026-08-23,CREDITED
BANKREF300946,SETL200946,48417.53,2026-08-12,CREDITED
BANKREF300947,SETL200947,31714.9,2026-08-14,CREDITED
BANKREF300948,SETL200948,22094.49,2026-08-18,CREDITED
BANKREF300949,SETL200949,13220.56,2026-08-19,CREDITED
BANKREF300950,SETL200950,26688.05,2026-08-05,CREDITED
BANKREF300951,SETL200951,40878.89,2026-08-07,CREDITED
BANKREF300952,SETL200952,43661.85,2026-08-06,CREDITED
BANKREF300953,SETL200953,13721.0,2026-08-09,CREDITED
BANKREF300954,SETL200954,1589.75,2026-08-18,CREDITED
BANKREF300955,SETL200955,1239.12,2026-08-19,CREDITED
BANKREF300956,SETL200956,4327.2,2026-08-03,CREDITED
BANKREF300957,SETL200957,11143.26,2026-08-14,CREDITED
BANKREF300958,SETL200958,9794.55,2026-08-19,CREDITED
BANKREF300959,SETL200959,6046.21,2026-08-21,CREDITED
BANKREF300960,SETL200960,56950.22,2026-08-06,CREDITED
BANKREF300961,SETL200961,40957.5,2026-08-08,CREDITED
BANKREF300962,SETL200962,25001.82,2026-08-19,CREDITED
BANKREF300963,SETL200963,7764.22,2026-08-06,CREDITED
BANKREF300964,SETL200964,19661.38,2026-08-06,CREDITED
BANKREF300965,SETL200965,40285.53,2026-08-17,CREDITED
BANKREF300966,SETL200966,41096.83,2026-08-16,CREDITED
BANKREF300967,SETL200967,1321.09,2026-08-18,CREDITED
BANKREF300968,SETL200968,8867.34,2026-08-15,CREDITED
BANKREF300969,SETL200969,4258.9,2026-08-09,CREDITED
BANKREF300970,SETL200970,42412.53,2026-08-11,CREDITED
BANKREF300971,SETL200971,21070.25,2026-08-22,CREDITED
BANKREF300972,SETL200972,45225.67,2026-08-06,CREDITED
BANKREF300973,SETL200973,13840.69,2026-08-07,CREDITED
BANKREF300974,SETL200974,40075.12,2026-08-08,CREDITED
BANKREF300975,SETL200975,44904.59,2026-08-19,CREDITED
BANKREF300976,SETL200976,29107.34,2026-08-11,CREDITED
BANKREF300977,SETL200977,57943.82,2026-08-06,CREDITED
BANKREF300978,SETL200978,26069.47,2026-08-04,CREDITED
BANKREF300979,SETL200979,29118.31,2026-08-07,CREDITED
BANKREF300980,SETL200980,33726.79,2026-08-18,CREDITED
BANKREF300981,SETL200981,33311.25,2026-08-08,CREDITED
BANKREF300982,SETL200982,29142.91,2026-08-15,CREDITED
BANKREF300984,SETL200984,20418.28,2026-08-21,CREDITED
BANKREF300985,SETL200985,6108.97,2026-08-19,CREDITED
BANKREF300987,SETL200987,51259.48,2026-08-06,CREDITED
BANKREF300988,SETL200988,2653.9,2026-08-16,CREDITED
BANKREF300989,SETL200989,1668.64,2026-08-18,CREDITED
BANKREF300990,SETL200990,33458.98,2026-08-13,CREDITED
BANKREF300991,SETL200991,40855.25,2026-08-09,CREDITED
BANKREF300992,SETL200992,36303.39,2026-08-14,CREDITED
BANKREF300993,SETL200993,49590.87,2026-08-20,CREDITED
BANKREF300994,SETL200994,17728.85,2026-08-21,CREDITED
BANKREF300995,SETL200995,35071.14,2026-08-11,CREDITED
BANKREF300996,SETL200996,12664.27,2026-08-05,CREDITED
BANKREF300997,SETL200997,38842.37,2026-08-13,CREDITED
BANKREF300998,SETL200998,36689.25,2026-08-17,CREDITED
BANKREF300999,SETL200999,36898.4,2026-08-24,CREDITED
