journal_id,merchant_id,transaction_id,debit,credit,account,date
JNL400000,M002,TXN100000,0.0,3975.37,Merchant Payable,2026-08-11
JNL400002,M008,TXN100002,0.0,26042.68,Merchant Payable,2026-08-21
JNL400003,M005,TXN100003,0.0,1985.07,Merchant Payable,2026-08-09
JNL400004,M005,TXN100004,0.0,33638.1,Merchant Payable,2026-08-07
JNL400006,M008,TXN100006,0.0,20799.95,Merchant Payable,2026-08-12
JNL400007,M003,TXN100007,0.0,19700.64,Merchant Payable,2026-08-17
JNL400008,M001,TXN100008,0.0,26863.78,Merchant Payable,2026-08-12
JNL400009,M007,TXN100009,0.0,50490.84,Merchant Payable,2026-08-02
JNL400010,M007,TXN100010,0.0,2369.67,Merchant Payable,2026-08-18
JNL400011,M001,TXN100011,0.0,12290.89,Merchant Payable,2026-08-19
JNL400012,M008,TXN100012,0.0,7244.25,Merchant Payable,2026-08-22
JNL400013,M007,TXN100013,0.0,5869.54,Merchant Payable,2026-08-05
JNL400014,M008,TXN100014,0.0,54936.42,Merchant Payable,2026-08-11
JNL400015,M008,TXN100015,0.0,14714.62,Merchant Payable,2026-08-19
JNL400017,M001,TXN100017,0.0,16949.56,Merchant Payable,2026-08-11
JNL400018,M003,TXN100018,0.0,26700.6,Merchant Payable,2026-08-17
JNL400019,M004,TXN100019,0.0,57661.55,Merchant Payable,2026-08-09
JNL400020,M007,TXN100020,0.0,3003.77,Merchant Payable,2026-08-17
JNL400021,M008,TXN100021,0.0,56814.7,Merchant Payable,2026-08-06
JNL400022,M002,TXN100022,0.0,51566.24,Merchant Payable,2026-08-16
JNL400023,M001,TXN100023,0.0,41995.47,Merchant Payable,2026-08-15
JNL400024,M006,TXN100024,0.0,36617.12,Merchant Payable,2026-08-14
JNL400025,M007,TXN100025,0.0,55650.25,Merchant Payable,2026-08-22
JNL400026,M002,TXN100026,0.0,14207.61,Merchant Payable,2026-08-11
JNL400027,M002,TXN100027,0.0,44916.18,Merchant Payable,2026-08-05
JNL400028,M001,TXN100028,0.0,3152.37,Merchant Payable,2026-08-03
JNL400029,M007,TXN100029,0.0,8897.13,Merchant Payable,2026-09-11
JNL400030,M003,TXN100030,0.0,10687.33,Merchant Payable,2026-08-23
JNL400031,M004,TXN100031,0.0,15432.85,Merchant Payable,2026-08-10
JNL400032,M005,TXN100032,0.0,39738.95,Merchant Payable,2026-08-07
JNL400033,M005,TXN100033,0.0,37661.31,Merchant Payable,2026-08-15
JNL400034,M008,TXN100034,0.0,6711.53,Merchant Payable,2026-08-14
JNL400035,M005,TXN100035,0.0,1757.69,Merchant Payable,2026-08-14
JNL400036,M008,TXN100036,0.0,49108.9,Merchant Payable,2026-08-11
JNL400037,M004,TXN100037,0.0,37312.61,Merchant Payable,2026-08-21
JNL400039,M003,TXN100039,0.0,5739.8,Merchant Payable,2026-08-11
JNL400040,M004,TXN100040,0.0,8193.77,Merchant Payable,2026-08-19
JNL400041,M003,TXN100041,0.0,15458.07,Merchant Payable,2026-08-17
JNL400042,M008,TXN100042,0.0,56701.95,Merchant Payable,2026-08-06
JNL400043,M006,TXN100043,0.0,5579.38,Merchant Payable,2026-08-14
JNL400044,M005,TXN100044,0.0,34348.78,Merchant Payable,2026-08-22
JNL400045,M008,TXN100045,0.0,1945.76,Merchant Payable,2026-08-19
JNL400046,M002,TXN100046,0.0,37614.94,Merchant Payable,2026-08-16
JNL400047,M002,TXN100047,0.0,8258.98,Merchant Payable,2026-08-03
JNL400048,M003,TXN100048,0.0,23128.23,Merchant Payable,2026-08-13
JNL400049,M003,TXN100049,0.0,52490.24,Merchant Payable,2026-08-22
JNL400050,M006,TXN100050,0.0,13082.14,Merchant Payable,2026-08-19
JNL400051,M006,TXN100051,0.0,3997.19,Merchant Payable,2026-08-10
JNL400052,M002,TXN100052,0.0,39213.76,Merchant Payable,2026-08-22
JNL400053,M001,TXN100053,0.0,45712.99,Merchant Payable,2026-08-09
JNL400054,M004,TXN100054,0.0,47884.65,Merchant Payable,2026-08-09
JNL400055,M003,TXN100055,0.0,31957.19,Merchant Payable,2026-08-07
JNL400056,M003,TXN100056,0.0,1355.11,Merchant Payable,2026-08-09
JNL400057,M003,TXN100057,0.0,15947.23,Merchant Payable,2026-08-06
JNL400058,M002,TXN100058,0.0,28316.01,Merchant Payable,2026-08-13
JNL400059,M008,TXN100059,0.0,29900.66,Merchant Payable,2026-08-21
JNL400060,M008,TXN100060,0.0,38045.31,Merchant Payable,2026-08-02
JNL400061,M007,TXN100061,0.0,39820.97,Merchant Payable,2026-08-17
JNL400062,M006,TXN100062,0.0,35749.79,Merchant Payable,2026-08-04
JNL400063,M007,TXN100063,0.0,57991.35,Merchant Payable,2026-08-18
JNL400064,M002,TXN100064,0.0,46828.23,Merchant Payable,2026-08-29
JNL400065,M008,TXN100065,0.0,52334.73,Merchant Payable,2026-08-15
JNL400066,M007,TXN100066,0.0,42492.09,Merchant Payable,2026-08-12
JNL400067,M003,TXN100067,0.0,40497.0,Merchant Payable,2026-08-17
JNL400068,M002,TXN100068,0.0,25723.69,Merchant Payable,2026-08-13
JNL400069,M007,TXN100069,0.0,20925.75,Merchant Payable,2026-08-15
JNL400070,M005,TXN100070,0.0,20856.7,Merchant Payable,2026-08-20
JNL400071,M008,TXN100071,0.0,13576.95,Merchant Payable,2026-08-05
JNL400072,M002,TXN100072,0.0,45046.81,Merchant Payable,2026-08-20
JNL400073,M005,TXN100073,0.0,2163.96,Merchant Payable,2026-08-10
JNL400074,M006,TXN100074,0.0,841.08,Merchant Payable,2026-08-06
JNL400075,M002,TXN100075,0.0,8780.1,Merchant Payable,2026-08-22
JNL400077,M006,TXN100077,0.0,45519.85,Merchant Payable,2026-08-20
JNL400078,M003,TXN100078,0.0,9658.67,Merchant Payable,2026-08-21
JNL400079,M005,TXN100079,0.0,26155.12,Merchant Payable,2026-08-20
JNL400080,M004,TXN100080,0.0,44497.29,Merchant Payable,2026-08-05
JNL400081,M005,TXN100081,0.0,39774.11,Merchant Payable,2026-08-20
JNL400082,M001,TXN100082,0.0,13274.53,Merchant Payable,2026-08-21
JNL400083,M005,TXN100083,0.0,55246.85,Merchant Payable,2026-08-06
JNL400084,M002,TXN100084,0.0,942.6,Merchant Payable,2026-08-15
JNL400085,M006,TXN100085,0.0,4606.88,Merchant Payable,2026-08-03
JNL400086,M007,TXN100086,0.0,41504.64,Merchant Payable,2026-08-15
JNL400087,M001,TXN100087,0.0,56522.19,Merchant Payable,2026-08-07
JNL400088,M002,TXN100088,0.0,26056.7,Merchant Payable,2026-08-05
JNL400089,M007,TXN100089,0.0,50815.44,Merchant Payable,2026-08-12
JNL400090,M002,TXN100090,0.0,30316.36,Merchant Payable,2026-08-05
JNL400092,M002,TXN100092,0.0,10871.28,Merchant Payable,2026-08-22
JNL400093,M006,TXN100093,0.0,50587.04,Merchant Payable,2026-08-22
JNL400094,M002,TXN100094,0.0,27888.05,Merchant Payable,2026-08-22
JNL400095,M006,TXN100095,0.0,29897.16,Merchant Payable,2026-08-11
JNL400096,M001,TXN100096,0.0,21870.88,Merchant Payable,2026-08-11
JNL400097,M007,TXN100097,0.0,27234.9,Merchant Payable,2026-08-19
JNL400098,M004,TXN100098,0.0,19232.41,Merchant Payable,2026-08-17
JNL400099,M008,TXN100099,0.0,6527.53,Merchant Payable,2026-08-12
JNL400100,M001,TXN100100,0.0,14853.53,Merchant Payable,2026-08-16
JNL400101,M006,TXN100101,0.0,22294.21,Merchant Payable,2026-08-11
JNL400102,M006,TXN100102,0.0,4308.02,Merchant Payable,2026-08-05
JNL400103,M005,TXN100103,0.0,15084.22,Merchant Payable,2026-08-21
JNL400104,M003,TXN100104,0.0,53890.21,Merchant Payable,2026-08-11
JNL400105,M003,TXN100105,0.0,35150.8,Merchant Payable,2026-08-04
JNL400106,M006,TXN100106,0.0,47626.99,Merchant Payable,2026-08-18
JNL400107,M006,TXN100107,0.0,1543.95,Merchant Payable,2026-08-11
JNL400108,M008,TXN100108,0.0,11694.68,Merchant Payable,2026-08-06
JNL400109,M002,TXN100109,0.0,30153.14,Merchant Payable,2026-08-19
JNL400110,M006,TXN100110,0.0,51291.12,Merchant Payable,2026-08-21
JNL400111,M003,TXN100111,0.0,9940.44,Merchant Payable,2026-08-21
JNL400112,M007,TXN100112,0.0,21544.52,Merchant Payable,2026-08-09
JNL400114,M006,TXN100114,0.0,39808.2,Merchant Payable,2026-08-20
JNL400115,M007,TXN100115,0.0,29223.15,Merchant Payable,2026-08-15
JNL400116,M008,TXN100116,0.0,51518.87,Merchant Payable,2026-08-19
JNL400117,M005,TXN100117,0.0,5345.44,Merchant Payable,2026-08-07
JNL400118,M007,TXN100118,0.0,5783.06,Merchant Payable,2026-08-09
JNL400119,M007,TXN100119,0.0,3559.42,Merchant Payable,2026-08-24
JNL400120,M006,TXN100120,0.0,13847.23,Merchant Payable,2026-08-12
JNL400121,M001,TXN100121,0.0,16813.15,Merchant Payable,2026-08-17
JNL400122,M001,TXN100122,0.0,53022.49,Merchant Payable,2026-08-02
JNL400123,M007,TXN100123,0.0,6909.05,Merchant Payable,2026-08-11
JNL400124,M001,TXN100124,0.0,14313.9,Merchant Payable,2026-08-22
JNL400125,M004,TXN100125,0.0,42426.07,Merchant Payable,2026-08-11
JNL400126,M003,TXN100126,0.0,39189.29,Merchant Payable,2026-08-04
JNL400127,M001,TXN100127,0.0,23130.37,Merchant Payable,2026-08-17
JNL400128,M006,TXN100128,0.0,15191.1,Merchant Payable,2026-08-02
JNL400129,M004,TXN100129,0.0,43214.74,Merchant Payable,2026-08-22
JNL400130,M006,TXN100130,0.0,32139.25,Merchant Payable,2026-08-22
JNL400131,M008,TXN100131,0.0,37367.77,Merchant Payable,2026-08-06
JNL400132,M005,TXN100132,0.0,12164.4,Merchant Payable,2026-08-08
JNL400133,M007,TXN100133,0.0,57673.03,Merchant Payable,2026-08-19
JNL400134,M004,TXN100134,0.0,17167.94,Merchant Payable,2026-08-03
JNL400135,M002,TXN100135,0.0,47193.18,Merchant Payable,2026-08-15
JNL400136,M006,TXN100136,0.0,56988.15,Merchant Payable,2026-08-17
JNL400137,M002,TXN100137,0.0,42971.27,Merchant Payable,2026-08-04
JNL400139,M005,TXN100139,0.0,26317.48,Merchant Payable,2026-08-15
JNL400140,M008,TXN100140,0.0,2957.57,Merchant Payable,2026-08-13
JNL400141,M001,TXN100141,0.0,4837.22,Merchant Payable,2026-08-22
JNL400142,M001,TXN100142,0.0,8765.87,Merchant Payable,2026-08-21
JNL400143,M003,TXN100143,0.0,4405.86,Merchant Payable,2026-08-22
JNL400144,M001,TXN100144,0.0,35579.0,Merchant Payable,2026-08-19
JNL400145,M003,TXN100145,0.0,31053.32,Merchant Payable,2026-08-14
JNL400146,M003,TXN100146,0.0,29558.94,Merchant Payable,2026-08-14
JNL400147,M005,TXN100147,0.0,41269.79,Merchant Payable,2026-08-11
JNL400148,M002,TXN100148,0.0,8421.01,Merchant Payable,2026-08-06
JNL400149,M006,TXN100149,0.0,39495.4,Merchant Payable,2026-08-04
JNL400150,M006,TXN100150,0.0,29572.98,Merchant Payable,2026-08-05
JNL400151,M006,TXN100151,0.0,32603.45,Merchant Payable,2026-08-13
JNL400152,M002,TXN100152,0.0,4332.36,Merchant Payable,2026-08-14
JNL400153,M007,TXN100153,0.0,48087.11,Merchant Payable,2026-08-04
JNL400154,M008,TXN100154,0.0,27681.77,Merchant Payable,2026-08-18
JNL400155,M003,TXN100155,0.0,25689.62,Merchant Payable,2026-08-03
JNL400156,M005,TXN100156,0.0,10024.92,Merchant Payable,2026-08-12
JNL400157,M005,TXN100157,0.0,49553.89,Merchant Payable,2026-08-10
JNL400158,M003,TXN100158,0.0,36897.22,Merchant Payable,2026-08-21
JNL400159,M003,TXN100159,0.0,10461.98,Merchant Payable,2026-08-21
JNL400160,M001,TXN100160,0.0,48346.67,Merchant Payable,2026-08-02
JNL400161,M004,TXN100161,0.0,45197.72,Merchant Payable,2026-08-15
JNL400162,M008,TXN100162,0.0,52387.6,Merchant Payable,2026-08-19
JNL400163,M007,TXN100163,0.0,17678.21,Merchant Payable,2026-08-04
JNL400164,M008,TXN100164,0.0,24750.23,Merchant Payable,2026-08-16
JNL400165,M006,TXN100165,0.0,50426.93,Merchant Payable,2026-08-12
JNL400166,M003,TXN100166,0.0,44798.44,Merchant Payable,2026-08-18
JNL400167,M004,TXN100167,0.0,27681.65,Merchant Payable,2026-08-10
JNL400168,M002,TXN100168,0.0,3447.62,Merchant Payable,2026-08-14
JNL400169,M003,TXN100169,0.0,47874.8,Merchant Payable,2026-08-20
JNL400170,M003,TXN100170,0.0,29513.6,Merchant Payable,2026-08-18
JNL400171,M008,TXN100171,0.0,1627.8,Merchant Payable,2026-08-14
JNL400172,M001,TXN100172,0.0,3416.23,Merchant Payable,2026-08-17
JNL400173,M005,TXN100173,0.0,31575.83,Merchant Payable,2026-08-07
JNL400175,M006,TXN100175,0.0,32557.14,Merchant Payable,2026-08-04
JNL400176,M005,TXN100176,0.0,48294.84,Merchant Payable,2026-08-21
JNL400177,M003,TXN100177,0.0,57288.33,Merchant Payable,2026-08-14
JNL400178,M003,TXN100178,0.0,12084.67,Merchant Payable,2026-08-19
JNL400179,M003,TXN100179,0.0,42056.4,Merchant Payable,2026-08-17
JNL400180,M006,TXN100180,0.0,32590.87,Merchant Payable,2026-08-12
JNL400181,M006,TXN100181,0.0,29895.89,Merchant Payable,2026-08-18
JNL400182,M008,TXN100182,0.0,48111.13,Merchant Payable,2026-08-13
JNL400183,M007,TXN100183,0.0,34230.82,Merchant Payable,2026-08-22
JNL400184,M005,TXN100184,0.0,56354.19,Merchant Payable,2026-08-20
JNL400185,M003,TXN100185,0.0,30909.67,Merchant Payable,2026-08-21
JNL400186,M004,TXN100186,0.0,1593.75,Merchant Payable,2026-08-12
JNL400187,M004,TXN100187,0.0,24411.74,Merchant Payable,2026-08-21
JNL400188,M004,TXN100188,0.0,32965.71,Merchant Payable,2026-08-17
JNL400189,M006,TXN100189,0.0,39503.82,Merchant Payable,2026-08-22
JNL400190,M004,TXN100190,0.0,16753.79,Merchant Payable,2026-08-11
JNL400191,M004,TXN100191,0.0,40725.58,Merchant Payable,2026-08-31
JNL400192,M005,TXN100192,0.0,7999.72,Merchant Payable,2026-08-19
JNL400194,M008,TXN100194,0.0,12978.06,Merchant Payable,2026-08-19
JNL400196,M004,TXN100196,0.0,37677.17,Merchant Payable,2026-08-03
JNL400197,M008,TXN100197,0.0,6354.9,Merchant Payable,2026-08-06
JNL400198,M007,TXN100198,0.0,38574.29,Merchant Payable,2026-08-17
JNL400199,M001,TXN100199,0.0,34199.35,Merchant Payable,2026-08-04
JNL400200,M003,TXN100200,0.0,24831.41,Merchant Payable,2026-08-12
JNL400201,M005,TXN100201,0.0,51274.15,Merchant Payable,2026-08-02
JNL400202,M008,TXN100202,0.0,57959.71,Merchant Payable,2026-08-19
JNL400203,M005,TXN100203,0.0,11655.83,Merchant Payable,2026-08-05
JNL400204,M005,TXN100204,0.0,42113.23,Merchant Payable,2026-08-02
JNL400205,M004,TXN100205,0.0,10719.87,Merchant Payable,2026-08-22
JNL400206,M002,TXN100206,0.0,23909.97,Merchant Payable,2026-08-05
JNL400207,M006,TXN100207,0.0,54736.39,Merchant Payable,2026-08-02
JNL400208,M008,TXN100208,0.0,44491.79,Merchant Payable,2026-08-12
JNL400209,M005,TXN100209,0.0,38352.89,Merchant Payable,2026-08-09
JNL400210,M008,TXN100210,0.0,18172.35,Merchant Payable,2026-08-14
JNL400212,M003,TXN100212,0.0,27187.67,Merchant Payable,2026-08-21
JNL400213,M004,TXN100213,0.0,40435.09,Merchant Payable,2026-08-21
JNL400214,M001,TXN100214,0.0,48551.84,Merchant Payable,2026-08-18
JNL400215,M003,TXN100215,0.0,19602.44,Merchant Payable,2026-08-18
JNL400216,M008,TXN100216,0.0,5794.22,Merchant Payable,2026-08-18
JNL400217,M003,TXN100217,0.0,30386.32,Merchant Payable,2026-08-16
JNL400218,M005,TXN100218,0.0,42384.44,Merchant Payable,2026-08-14
JNL400219,M002,TXN100219,0.0,3137.06,Merchant Payable,2026-08-13
JNL400220,M002,TXN100220,0.0,58106.82,Merchant Payable,2026-08-17
JNL400221,M003,TXN100221,0.0,45622.97,Merchant Payable,2026-08-22
JNL400222,M008,TXN100222,0.0,51256.34,Merchant Payable,2026-08-14
JNL400223,M006,TXN100223,0.0,7364.23,Merchant Payable,2026-08-19
JNL400224,M004,TXN100224,0.0,49153.6,Merchant Payable,2026-08-02
JNL400225,M007,TXN100225,0.0,48088.33,Merchant Payable,2026-08-09
JNL400226,M005,TXN100226,0.0,11404.95,Merchant Payable,2026-08-05
JNL400227,M001,TXN100227,0.0,14443.05,Merchant Payable,2026-08-04
JNL400228,M008,TXN100228,0.0,35385.59,Merchant Payable,2026-08-03
JNL400229,M008,TXN100229,0.0,14279.36,Merchant Payable,2026-08-08
JNL400230,M006,TXN100230,0.0,14220.33,Merchant Payable,2026-08-06
JNL400231,M007,TXN100231,0.0,17378.73,Merchant Payable,2026-08-03
JNL400232,M008,TXN100232,0.0,3221.99,Merchant Payable,2026-08-13
JNL400233,M007,TXN100233,0.0,24086.36,Merchant Payable,2026-08-11
JNL400234,M004,TXN100234,0.0,49999.96,Merchant Payable,2026-08-11
JNL400235,M001,TXN100235,0.0,33101.99,Merchant Payable,2026-08-15
JNL400236,M007,TXN100236,0.0,14522.55,Merchant Payable,2026-08-08
JNL400237,M002,TXN100237,0.0,31785.89,Merchant Payable,2026-08-08
JNL400238,M004,TXN100238,0.0,28434.89,Merchant Payable,2026-08-12
JNL400239,M004,TXN100239,0.0,56571.65,Merchant Payable,2026-08-05
JNL400240,M007,TXN100240,0.0,53394.41,Merchant Payable,2026-08-19
JNL400241,M008,TXN100241,0.0,31808.86,Merchant Payable,2026-08-13
JNL400242,M008,TXN100242,0.0,44951.4,Merchant Payable,2026-08-12
JNL400243,M007,TXN100243,0.0,3123.36,Merchant Payable,2026-08-09
JNL400244,M005,TXN100244,0.0,32538.63,Merchant Payable,2026-08-20
JNL400245,M003,TXN100245,0.0,11917.72,Merchant Payable,2026-08-09
JNL400246,M008,TXN100246,0.0,32633.24,Merchant Payable,2026-08-12
JNL400247,M008,TXN100247,0.0,10419.79,Merchant Payable,2026-08-13
JNL400248,M001,TXN100248,0.0,49148.89,Merchant Payable,2026-08-04
JNL400249,M007,TXN100249,0.0,8430.04,Merchant Payable,2026-08-22
JNL400250,M004,TXN100250,0.0,29970.23,Merchant Payable,2026-08-13
JNL400251,M008,TXN100251,0.0,1403.2,Merchant Payable,2026-08-19
JNL400252,M001,TXN100252,0.0,31189.91,Merchant Payable,2026-08-10
JNL400253,M007,TXN100253,0.0,47094.22,Merchant Payable,2026-08-07
JNL400254,M004,TXN100254,0.0,11678.04,Merchant Payable,2026-08-18
JNL400255,M007,TXN100255,0.0,5049.05,Merchant Payable,2026-08-14
JNL400256,M004,TXN100256,0.0,17479.84,Merchant Payable,2026-08-04
JNL400257,M007,TXN100257,0.0,22288.7,Merchant Payable,2026-08-17
JNL400258,M003,TXN100258,0.0,5305.99,Merchant Payable,2026-08-15
JNL400259,M004,TXN100259,0.0,12813.86,Merchant Payable,2026-08-20
JNL400260,M002,TXN100260,0.0,40479.26,Merchant Payable,2026-08-10
JNL400261,M003,TXN100261,0.0,54590.38,Merchant Payable,2026-08-12
JNL400263,M007,TXN100263,0.0,39443.15,Merchant Payable,2026-08-19
JNL400264,M001,TXN100264,0.0,6150.55,Merchant Payable,2026-08-09
JNL400265,M006,TXN100265,0.0,2204.52,Merchant Payable,2026-08-10
JNL400266,M007,TXN100266,0.0,11219.73,Merchant Payable,2026-08-20
JNL400267,M005,TXN100267,0.0,46715.96,Merchant Payable,2026-08-04
JNL400268,M007,TXN100268,0.0,41630.58,Merchant Payable,2026-08-22
JNL400269,M006,TXN100269,0.0,6663.83,Merchant Payable,2026-08-02
JNL400270,M005,TXN100270,0.0,6408.78,Merchant Payable,2026-08-04
JNL400271,M007,TXN100271,0.0,6452.6,Merchant Payable,2026-08-04
JNL400272,M006,TXN100272,0.0,50556.38,Merchant Payable,2026-08-16
JNL400273,M004,TXN100273,0.0,33830.8,Merchant Payable,2026-08-07
JNL400274,M003,TXN100274,0.0,16154.1,Merchant Payable,2026-08-10
JNL400275,M003,TXN100275,0.0,25809.5,Merchant Payable,2026-08-15
JNL400276,M006,TXN100276,0.0,15078.02,Merchant Payable,2026-08-09
JNL400277,M004,TXN100277,0.0,13635.83,Merchant Payable,2026-08-06
JNL400278,M007,TXN100278,0.0,46973.29,Merchant Payable,2026-08-12
JNL400279,M003,TXN100279,0.0,17989.93,Merchant Payable,2026-08-21
JNL400280,M003,TXN100280,0.0,56676.22,Merchant Payable,2026-08-12
JNL400281,M004,TXN100281,0.0,19486.54,Merchant Payable,2026-08-10
JNL400282,M003,TXN100282,0.0,40199.44,Merchant Payable,2026-08-19
JNL400283,M008,TXN100283,0.0,47056.52,Merchant Payable,2026-08-04
JNL400284,M003,TXN100284,0.0,37381.48,Merchant Payable,2026-08-09
JNL400285,M007,TXN100285,0.0,46105.98,Merchant Payable,2026-08-04
JNL400286,M007,TXN100286,0.0,31378.18,Merchant Payable,2026-08-15
JNL400287,M002,TXN100287,0.0,45483.01,Merchant Payable,2026-08-13
JNL400288,M006,TXN100288,0.0,56469.18,Merchant Payable,2026-08-15
JNL400289,M005,TXN100289,0.0,13346.71,Merchant Payable,2026-09-11
JNL400291,M006,TXN100291,0.0,58323.39,Merchant Payable,2026-08-17
JNL400292,M002,TXN100292,0.0,7272.42,Merchant Payable,2026-08-06
JNL400293,M008,TXN100293,0.0,46273.27,Merchant Payable,2026-08-18
JNL400294,M008,TXN100294,0.0,42563.86,Merchant Payable,2026-08-16
JNL400295,M006,TXN100295,0.0,38049.58,Merchant Payable,2026-08-07
JNL400296,M003,TXN100296,0.0,19769.73,Merchant Payable,2026-08-15
JNL400297,M003,TXN100297,0.0,11346.59,Merchant Payable,2026-08-15
JNL400298,M008,TXN100298,0.0,34692.58,Merchant Payable,2026-08-14
JNL400299,M002,TXN100299,0.0,27917.85,Merchant Payable,2026-08-19
JNL400300,M002,TXN100300,0.0,15819.18,Merchant Payable,2026-08-17
JNL400302,M008,TXN100302,0.0,36528.61,Merchant Payable,2026-09-04
JNL400303,M006,TXN100303,0.0,7319.51,Merchant Payable,2026-08-11
JNL400304,M003,TXN100304,0.0,30245.19,Merchant Payable,2026-08-15
JNL400305,M008,TXN100305,0.0,37587.63,Merchant Payable,2026-08-22
JNL400306,M008,TXN100306,0.0,17347.95,Merchant Payable,2026-08-07
JNL400307,M006,TXN100307,0.0,55664.87,Merchant Payable,2026-08-17
JNL400308,M008,TXN100308,0.0,24371.48,Merchant Payable,2026-08-22
JNL400309,M002,TXN100309,0.0,33524.79,Merchant Payable,2026-08-09
JNL400310,M004,TXN100310,0.0,31828.34,Merchant Payable,2026-08-07
JNL400311,M002,TXN100311,0.0,33952.25,Merchant Payable,2026-08-10
JNL400312,M008,TXN100312,0.0,32382.82,Merchant Payable,2026-08-15
JNL400313,M005,TXN100313,0.0,51162.15,Merchant Payable,2026-08-03
JNL400314,M004,TXN100314,0.0,12724.15,Merchant Payable,2026-08-20
JNL400315,M003,TXN100315,0.0,36380.47,Merchant Payable,2026-08-08
JNL400316,M005,TXN100316,0.0,35061.14,Merchant Payable,2026-08-07
JNL400317,M002,TXN100317,0.0,8015.5,Merchant Payable,2026-08-15
JNL400318,M003,TXN100318,0.0,41928.43,Merchant Payable,2026-08-09
JNL400319,M005,TXN100319,0.0,36854.28,Merchant Payable,2026-08-14
JNL400320,M007,TXN100320,0.0,30293.79,Merchant Payable,2026-08-10
JNL400321,M008,TXN100321,0.0,19593.07,Merchant Payable,2026-08-02
JNL400322,M006,TXN100322,0.0,49767.31,Merchant Payable,2026-08-19
JNL400323,M004,TXN100323,0.0,29327.97,Merchant Payable,2026-08-12
JNL400324,M008,TXN100324,0.0,46593.63,Merchant Payable,2026-08-03
JNL400325,M003,TXN100325,0.0,26228.67,Merchant Payable,2026-08-02
JNL400326,M003,TXN100326,0.0,51424.89,Merchant Payable,2026-08-10
JNL400327,M005,TXN100327,0.0,5282.97,Merchant Payable,2026-08-22
JNL400328,M004,TXN100328,0.0,25510.75,Merchant Payable,2026-08-04
JNL400329,M004,TXN100329,0.0,15741.43,Merchant Payable,2026-08-06
JNL400330,M001,TXN100330,0.0,952.62,Merchant Payable,2026-08-12
JNL400331,M008,TXN100331,0.0,4619.93,Merchant Payable,2026-08-14
JNL400332,M006,TXN100332,0.0,21794.48,Merchant Payable,2026-08-11
JNL400333,M003,TXN100333,0.0,4474.5,Merchant Payable,2026-09-13
JNL400334,M008,TXN100334,0.0,20699.69,Merchant Payable,2026-08-08
JNL400335,M004,TXN100335,0.0,5543.1,Merchant Payable,2026-08-05
JNL400336,M006,TXN100336,0.0,56326.11,Merchant Payable,2026-08-12
JNL400337,M002,TXN100337,0.0,14990.33,Merchant Payable,2026-08-21
JNL400338,M001,TXN100338,0.0,49660.64,Merchant Payable,2026-08-11
JNL400339,M007,TXN100339,0.0,17568.82,Merchant Payable,2026-08-03
JNL400340,M002,TXN100340,0.0,14576.36,Merchant Payable,2026-08-22
JNL400341,M006,TXN100341,0.0,54626.2,Merchant Payable,2026-08-06
JNL400342,M006,TXN100342,0.0,32159.1,Merchant Payable,2026-08-07
JNL400343,M002,TXN100343,0.0,1296.86,Merchant Payable,2026-08-08
JNL400344,M005,TXN100344,0.0,36898.19,Merchant Payable,2026-08-18
JNL400345,M002,TXN100345,0.0,37914.87,Merchant Payable,2026-08-19
JNL400346,M002,TXN100346,0.0,18597.53,Merchant Payable,2026-08-18
JNL400347,M007,TXN100347,0.0,34388.96,Merchant Payable,2026-08-22
JNL400348,M005,TXN100348,0.0,40959.18,Merchant Payable,2026-08-09
JNL400349,M007,TXN100349,0.0,7186.57,Merchant Payable,2026-08-21
JNL400351,M008,TXN100351,0.0,56125.29,Merchant Payable,2026-08-18
JNL400352,M006,TXN100352,0.0,7845.23,Merchant Payable,2026-08-10
JNL400353,M006,TXN100353,0.0,47274.72,Merchant Payable,2026-08-10
JNL400354,M008,TXN100354,0.0,26836.74,Merchant Payable,2026-08-13
JNL400355,M006,TXN100355,0.0,9252.95,Merchant Payable,2026-08-05
JNL400356,M001,TXN100356,0.0,50286.84,Merchant Payable,2026-08-02
JNL400357,M006,TXN100357,0.0,22688.24,Merchant Payable,2026-08-06
JNL400358,M004,TXN100358,0.0,19248.46,Merchant Payable,2026-08-15
JNL400359,M002,TXN100359,0.0,33883.41,Merchant Payable,2026-08-05
JNL400361,M008,TXN100361,0.0,51135.72,Merchant Payable,2026-08-11
JNL400362,M004,TXN100362,0.0,17487.63,Merchant Payable,2026-08-11
JNL400363,M008,TXN100363,0.0,21985.88,Merchant Payable,2026-08-17
JNL400364,M003,TXN100364,0.0,863.83,Merchant Payable,2026-08-15
JNL400365,M006,TXN100365,0.0,571.89,Merchant Payable,2026-08-14
JNL400366,M004,TXN100366,0.0,31374.0,Merchant Payable,2026-08-09
JNL400367,M003,TXN100367,0.0,41943.44,Merchant Payable,2026-08-04
JNL400368,M006,TXN100368,0.0,27063.68,Merchant Payable,2026-08-04
JNL400369,M007,TXN100369,0.0,4599.52,Merchant Payable,2026-08-20
JNL400370,M005,TXN100370,0.0,15605.28,Merchant Payable,2026-08-12
JNL400371,M008,TXN100371,0.0,16362.5,Merchant Payable,2026-08-04
JNL400372,M003,TXN100372,0.0,6644.1,Merchant Payable,2026-08-19
JNL400373,M006,TXN100373,0.0,56406.46,Merchant Payable,2026-08-08
JNL400374,M005,TXN100374,0.0,50282.19,Merchant Payable,2026-08-04
JNL400375,M004,TXN100375,0.0,49217.89,Merchant Payable,2026-08-12
JNL400376,M007,TXN100376,0.0,30169.25,Merchant Payable,2026-08-11
JNL400377,M007,TXN100377,0.0,49894.74,Merchant Payable,2026-08-19
JNL400378,M002,TXN100378,0.0,27486.21,Merchant Payable,2026-08-06
JNL400379,M004,TXN100379,0.0,8109.56,Merchant Payable,2026-08-14
JNL400380,M005,TXN100380,0.0,53630.94,Merchant Payable,2026-08-04
JNL400381,M003,TXN100381,0.0,5847.28,Merchant Payable,2026-08-13
JNL400382,M003,TXN100382,0.0,54320.41,Merchant Payable,2026-08-15
JNL400383,M001,TXN100383,0.0,22682.36,Merchant Payable,2026-08-15
JNL400384,M003,TXN100384,0.0,16445.14,Merchant Payable,2026-08-16
JNL400385,M008,TXN100385,0.0,24538.33,Merchant Payable,2026-08-20
JNL400386,M007,TXN100386,0.0,8415.25,Merchant Payable,2026-08-08
JNL400387,M001,TXN100387,0.0,57867.96,Merchant Payable,2026-08-13
JNL400388,M006,TXN100388,0.0,53394.5,Merchant Payable,2026-08-18
JNL400389,M003,TXN100389,0.0,2007.68,Merchant Payable,2026-08-21
JNL400390,M001,TXN100390,0.0,47384.93,Merchant Payable,2026-08-17
JNL400391,M003,TXN100391,0.0,6322.35,Merchant Payable,2026-08-09
JNL400392,M004,TXN100392,0.0,33577.48,Merchant Payable,2026-08-14
JNL400393,M006,TXN100393,0.0,47282.54,Merchant Payable,2026-08-13
JNL400394,M004,TXN100394,0.0,49262.9,Merchant Payable,2026-08-17
JNL400395,M008,TXN100395,0.0,2380.42,Merchant Payable,2026-08-03
JNL400396,M001,TXN100396,0.0,13839.11,Merchant Payable,2026-08-21
JNL400397,M006,TXN100397,0.0,3939.56,Merchant Payable,2026-08-06
JNL400399,M005,TXN100399,0.0,19174.31,Merchant Payable,2026-08-07
JNL400400,M006,TXN100400,0.0,10260.23,Merchant Payable,2026-08-19
JNL400401,M004,TXN100401,0.0,39285.27,Merchant Payable,2026-08-07
JNL400402,M003,TXN100402,0.0,10841.05,Merchant Payable,2026-08-02
JNL400403,M001,TXN100403,0.0,11045.3,Merchant Payable,2026-08-12
JNL400405,M003,TXN100405,0.0,37547.54,Merchant Payable,2026-08-04
JNL400406,M008,TXN100406,0.0,1150.04,Merchant Payable,2026-08-08
JNL400407,M005,TXN100407,0.0,46076.72,Merchant Payable,2026-08-02
JNL400408,M007,TXN100408,0.0,56515.39,Merchant Payable,2026-08-15
JNL400409,M007,TXN100409,0.0,6344.8,Merchant Payable,2026-08-17
JNL400410,M003,TXN100410,0.0,26777.11,Merchant Payable,2026-08-03
JNL400412,M003,TXN100412,0.0,43127.81,Merchant Payable,2026-08-19
JNL400413,M001,TXN100413,0.0,25500.7,Merchant Payable,2026-08-22
JNL400414,M003,TXN100414,0.0,3620.95,Merchant Payable,2026-08-12
JNL400415,M005,TXN100415,0.0,17714.4,Merchant Payable,2026-08-10
JNL400416,M003,TXN100416,0.0,3664.42,Merchant Payable,2026-08-02
JNL400417,M008,TXN100417,0.0,12003.72,Merchant Payable,2026-08-02
JNL400418,M008,TXN100418,0.0,49530.38,Merchant Payable,2026-08-11
JNL400420,M006,TXN100420,0.0,11303.23,Merchant Payable,2026-08-03
JNL400421,M005,TXN100421,0.0,13592.39,Merchant Payable,2026-08-10
JNL400422,M002,TXN100422,0.0,5498.5,Merchant Payable,2026-08-13
JNL400423,M001,TXN100423,0.0,48904.07,Merchant Payable,2026-08-18
JNL400424,M008,TXN100424,0.0,17932.8,Merchant Payable,2026-08-15
JNL400425,M002,TXN100425,0.0,55951.94,Merchant Payable,2026-08-22
JNL400426,M003,TXN100426,0.0,2975.38,Merchant Payable,2026-08-04
JNL400427,M003,TXN100427,0.0,49076.52,Merchant Payable,2026-08-10
JNL400428,M007,TXN100428,0.0,33085.56,Merchant Payable,2026-08-19
JNL400429,M002,TXN100429,0.0,24705.09,Merchant Payable,2026-08-06
JNL400430,M002,TXN100430,0.0,33366.21,Merchant Payable,2026-08-05
JNL400431,M007,TXN100431,0.0,10129.21,Merchant Payable,2026-08-22
JNL400432,M003,TXN100432,0.0,16532.44,Merchant Payable,2026-08-06
JNL400433,M001,TXN100433,0.0,23440.01,Merchant Payable,2026-08-12
JNL400434,M008,TXN100434,0.0,54246.43,Merchant Payable,2026-08-13
JNL400435,M005,TXN100435,0.0,16726.51,Merchant Payable,2026-08-18
JNL400436,M005,TXN100436,0.0,56959.54,Merchant Payable,2026-08-16
JNL400437,M004,TXN100437,0.0,26238.57,Merchant Payable,2026-08-15
JNL400438,M001,TXN100438,0.0,30369.38,Merchant Payable,2026-08-07
JNL400439,M003,TXN100439,0.0,45954.79,Merchant Payable,2026-08-18
JNL400440,M004,TXN100440,0.0,51506.21,Merchant Payable,2026-08-08
JNL400441,M008,TXN100441,0.0,3436.56,Merchant Payable,2026-08-13
JNL400442,M006,TXN100442,0.0,48289.8,Merchant Payable,2026-08-18
JNL400443,M004,TXN100443,0.0,22201.83,Merchant Payable,2026-08-21
JNL400444,M006,TXN100444,0.0,20443.05,Merchant Payable,2026-08-10
JNL400445,M007,TXN100445,0.0,3350.92,Merchant Payable,2026-08-20
JNL400446,M004,TXN100446,0.0,16075.77,Merchant Payable,2026-08-15
JNL400447,M008,TXN100447,0.0,53702.33,Merchant Payable,2026-08-23
JNL400448,M005,TXN100448,0.0,41773.91,Merchant Payable,2026-08-22
JNL400449,M006,TXN100449,0.0,26922.15,Merchant Payable,2026-08-08
JNL400450,M002,TXN100450,0.0,1261.56,Merchant Payable,2026-08-13
JNL400451,M008,TXN100451,0.0,2448.23,Merchant Payable,2026-08-10
JNL400452,M005,TXN100452,0.0,11397.97,Merchant Payable,2026-08-18
JNL400453,M006,TXN100453,0.0,39950.16,Merchant Payable,2026-08-02
JNL400454,M005,TXN100454,0.0,52640.19,Merchant Payable,2026-08-14
JNL400455,M008,TXN100455,0.0,53411.06,Merchant Payable,2026-08-13
JNL400456,M005,TXN100456,0.0,6166.09,Merchant Payable,2026-08-06
JNL400457,M006,TXN100457,0.0,38424.33,Merchant Payable,2026-08-11
JNL400458,M006,TXN100458,0.0,21821.03,Merchant Payable,2026-08-20
JNL400459,M002,TXN100459,0.0,28080.77,Merchant Payable,2026-08-08
JNL400460,M005,TXN100460,0.0,24416.97,Merchant Payable,2026-08-06
JNL400461,M007,TXN100461,0.0,57561.37,Merchant Payable,2026-08-23
JNL400462,M008,TXN100462,0.0,19904.85,Merchant Payable,2026-08-07
JNL400463,M001,TXN100463,0.0,26451.28,Merchant Payable,2026-08-08
JNL400464,M003,TXN100464,0.0,36283.09,Merchant Payable,2026-08-22
JNL400465,M008,TXN100465,0.0,22864.13,Merchant Payable,2026-08-03
JNL400466,M001,TXN100466,0.0,52219.16,Merchant Payable,2026-08-18
JNL400467,M004,TXN100467,0.0,13679.42,Merchant Payable,2026-08-13
JNL400468,M005,TXN100468,0.0,10161.82,Merchant Payable,2026-08-03
JNL400469,M006,TXN100469,0.0,25626.46,Merchant Payable,2026-08-06
JNL400470,M004,TXN100470,0.0,10101.31,Merchant Payable,2026-08-14
JNL400471,M003,TXN100471,0.0,12791.39,Merchant Payable,2026-08-02
JNL400472,M002,TXN100472,0.0,21909.36,Merchant Payable,2026-08-22
JNL400473,M001,TXN100473,0.0,34931.13,Merchant Payable,2026-08-03
JNL400474,M001,TXN100474,0.0,40488.78,Merchant Payable,2026-08-20
JNL400475,M008,TXN100475,0.0,41462.36,Merchant Payable,2026-08-08
JNL400476,M005,TXN100476,0.0,24866.72,Merchant Payable,2026-08-05
JNL400477,M007,TXN100477,0.0,48509.99,Merchant Payable,2026-08-05
JNL400478,M005,TXN100478,0.0,7091.22,Merchant Payable,2026-08-05
JNL400479,M005,TXN100479,0.0,48653.26,Merchant Payable,2026-08-08
JNL400480,M003,TXN100480,0.0,2511.84,Merchant Payable,2026-08-17
JNL400481,M004,TXN100481,0.0,649.46,Merchant Payable,2026-08-04
JNL400482,M003,TXN100482,0.0,55512.74,Merchant Payable,2026-08-18
JNL400483,M004,TXN100483,0.0,26856.05,Merchant Payable,2026-08-11
JNL400484,M005,TXN100484,0.0,21353.05,Merchant Payable,2026-08-12
JNL400486,M006,TXN100486,0.0,21212.79,Merchant Payable,2026-08-16
JNL400487,M006,TXN100487,0.0,47960.5,Merchant Payable,2026-08-07
JNL400488,M008,TXN100488,0.0,47185.77,Merchant Payable,2026-08-22
JNL400489,M001,TXN100489,0.0,57413.58,Merchant Payable,2026-08-07
JNL400490,M008,TXN100490,0.0,11067.37,Merchant Payable,2026-08-14
JNL400491,M003,TXN100491,0.0,28629.01,Merchant Payable,2026-08-17
JNL400492,M002,TXN100492,0.0,15775.91,Merchant Payable,2026-08-12
JNL400493,M006,TXN100493,0.0,30372.28,Merchant Payable,2026-08-21
JNL400495,M001,TXN100495,0.0,37485.77,Merchant Payable,2026-08-07
JNL400496,M002,TXN100496,0.0,44393.87,Merchant Payable,2026-08-19
JNL400497,M004,TXN100497,0.0,32579.55,Merchant Payable,2026-08-14
JNL400498,M008,TXN100498,0.0,26418.1,Merchant Payable,2026-08-20
JNL400499,M008,TXN100499,0.0,18593.53,Merchant Payable,2026-08-17
JNL400500,M001,TXN100500,0.0,32797.22,Merchant Payable,2026-08-02
JNL400501,M004,TXN100501,0.0,38647.82,Merchant Payable,2026-08-16
JNL400502,M004,TXN100502,0.0,49707.14,Merchant Payable,2026-08-12
JNL400503,M006,TXN100503,0.0,41988.23,Merchant Payable,2026-08-05
JNL400504,M001,TXN100504,0.0,20282.88,Merchant Payable,2026-08-22
JNL400505,M002,TXN100505,0.0,3165.6,Merchant Payable,2026-08-07
JNL400506,M002,TXN100506,0.0,15348.02,Merchant Payable,2026-08-09
JNL400507,M008,TXN100507,0.0,48443.07,Merchant Payable,2026-08-08
JNL400509,M008,TXN100509,0.0,1208.86,Merchant Payable,2026-08-03
JNL400510,M003,TXN100510,0.0,43041.0,Merchant Payable,2026-08-11
JNL400511,M007,TXN100511,0.0,24688.02,Merchant Payable,2026-08-21
JNL400512,M007,TXN100512,0.0,56196.89,Merchant Payable,2026-08-11
JNL400513,M007,TXN100513,0.0,35005.89,Merchant Payable,2026-08-18
JNL400514,M004,TXN100514,0.0,12200.16,Merchant Payable,2026-08-21
JNL400515,M003,TXN100515,0.0,57929.3,Merchant Payable,2026-08-22
JNL400516,M008,TXN100516,0.0,34511.08,Merchant Payable,2026-08-15
JNL400517,M007,TXN100517,0.0,47217.78,Merchant Payable,2026-08-18
JNL400518,M003,TXN100518,0.0,3580.55,Merchant Payable,2026-08-03
JNL400519,M005,TXN100519,0.0,40073.74,Merchant Payable,2026-08-06
JNL400520,M001,TXN100520,0.0,21287.71,Merchant Payable,2026-08-16
JNL400521,M007,TXN100521,0.0,14218.24,Merchant Payable,2026-08-11
JNL400522,M007,TXN100522,0.0,22780.81,Merchant Payable,2026-08-12
JNL400523,M008,TXN100523,0.0,49311.49,Merchant Payable,2026-08-22
JNL400524,M004,TXN100524,0.0,17638.17,Merchant Payable,2026-08-07
JNL400525,M003,TXN100525,0.0,43308.07,Merchant Payable,2026-08-05
JNL400526,M005,TXN100526,0.0,32729.04,Merchant Payable,2026-08-06
JNL400527,M001,TXN100527,0.0,19760.63,Merchant Payable,2026-08-06
JNL400528,M005,TXN100528,0.0,29078.4,Merchant Payable,2026-08-20
JNL400529,M003,TXN100529,0.0,30814.95,Merchant Payable,2026-08-18
JNL400530,M002,TXN100530,0.0,20905.12,Merchant Payable,2026-08-08
JNL400531,M006,TXN100531,0.0,17505.46,Merchant Payable,2026-08-21
JNL400532,M008,TXN100532,0.0,14053.74,Merchant Payable,2026-08-22
JNL400533,M007,TXN100533,0.0,53441.03,Merchant Payable,2026-08-05
JNL400534,M001,TXN100534,0.0,53340.23,Merchant Payable,2026-08-13
JNL400535,M008,TXN100535,0.0,3044.93,Merchant Payable,2026-08-22
JNL400536,M002,TXN100536,0.0,10291.65,Merchant Payable,2026-08-19
JNL400537,M004,TXN100537,0.0,50909.91,Merchant Payable,2026-08-15
JNL400538,M002,TXN100538,0.0,44128.66,Merchant Payable,2026-08-06
JNL400539,M002,TXN100539,0.0,4783.93,Merchant Payable,2026-08-07
JNL400540,M005,TXN100540,0.0,24099.85,Merchant Payable,2026-08-16
JNL400541,M006,TXN100541,0.0,1466.29,Merchant Payable,2026-08-05
JNL400542,M001,TXN100542,0.0,41134.43,Merchant Payable,2026-08-28
JNL400543,M005,TXN100543,0.0,35623.51,Merchant Payable,2026-08-11
JNL400544,M001,TXN100544,0.0,27975.12,Merchant Payable,2026-08-19
JNL400545,M003,TXN100545,0.0,17851.37,Merchant Payable,2026-08-22
JNL400546,M002,TXN100546,0.0,2931.6,Merchant Payable,2026-08-20
JNL400547,M005,TXN100547,0.0,12654.58,Merchant Payable,2026-08-13
JNL400548,M003,TXN100548,0.0,11207.12,Merchant Payable,2026-08-21
JNL400549,M003,TXN100549,0.0,39574.14,Merchant Payable,2026-08-20
JNL400550,M002,TXN100550,0.0,17472.57,Merchant Payable,2026-08-04
JNL400551,M008,TXN100551,0.0,56039.1,Merchant Payable,2026-08-13
JNL400552,M002,TXN100552,0.0,17150.34,Merchant Payable,2026-08-04
JNL400553,M008,TXN100553,0.0,19654.77,Merchant Payable,2026-08-11
JNL400555,M004,TXN100555,0.0,46287.86,Merchant Payable,2026-08-22
JNL400556,M003,TXN100556,0.0,40075.22,Merchant Payable,2026-08-12
JNL400557,M006,TXN100557,0.0,45399.93,Merchant Payable,2026-08-17
JNL400558,M002,TXN100558,0.0,49673.38,Merchant Payable,2026-08-06
JNL400559,M002,TXN100559,0.0,42991.38,Merchant Payable,2026-08-02
JNL400560,M007,TXN100560,0.0,44956.69,Merchant Payable,2026-09-01
JNL400561,M003,TXN100561,0.0,21798.53,Merchant Payable,2026-08-09
JNL400562,M008,TXN100562,0.0,29742.12,Merchant Payable,2026-08-04
JNL400563,M004,TXN100563,0.0,49920.74,Merchant Payable,2026-08-21
JNL400564,M008,TXN100564,0.0,9780.71,Merchant Payable,2026-08-20
JNL400565,M008,TXN100565,0.0,55317.21,Merchant Payable,2026-08-03
JNL400566,M002,TXN100566,0.0,15936.24,Merchant Payable,2026-08-09
JNL400567,M006,TXN100567,0.0,22984.67,Merchant Payable,2026-08-16
JNL400568,M002,TXN100568,0.0,41607.32,Merchant Payable,2026-08-18
JNL400569,M007,TXN100569,0.0,38276.8,Merchant Payable,2026-08-13
JNL400570,M005,TXN100570,0.0,22286.49,Merchant Payable,2026-08-09
JNL400571,M006,TXN100571,0.0,28710.22,Merchant Payable,2026-08-17
JNL400572,M008,TXN100572,0.0,10183.93,Merchant Payable,2026-08-04
JNL400573,M003,TXN100573,0.0,9655.6,Merchant Payable,2026-08-26
JNL400574,M007,TXN100574,0.0,47383.6,Merchant Payable,2026-08-05
JNL400575,M008,TXN100575,0.0,12786.39,Merchant Payable,2026-08-07
JNL400576,M004,TXN100576,0.0,3004.85,Merchant Payable,2026-08-20
JNL400577,M001,TXN100577,0.0,52180.7,Merchant Payable,2026-08-06
JNL400578,M001,TXN100578,0.0,51436.33,Merchant Payable,2026-08-11
JNL400579,M008,TXN100579,0.0,51121.01,Merchant Payable,2026-08-07
JNL400580,M005,TXN100580,0.0,10202.45,Merchant Payable,2026-08-12
JNL400581,M004,TXN100581,0.0,22594.15,Merchant Payable,2026-08-06
JNL400582,M003,TXN100582,0.0,28141.44,Merchant Payable,2026-08-21
JNL400583,M003,TXN100583,0.0,53030.35,Merchant Payable,2026-08-19
JNL400584,M007,TXN100584,0.0,21895.95,Merchant Payable,2026-08-03
JNL400585,M004,TXN100585,0.0,54984.96,Merchant Payable,2026-08-17
JNL400586,M005,TXN100586,0.0,16054.96,Merchant Payable,2026-08-09
JNL400587,M005,TXN100587,0.0,11436.26,Merchant Payable,2026-08-02
JNL400588,M001,TXN100588,0.0,22235.81,Merchant Payable,2026-08-08
JNL400589,M006,TXN100589,0.0,6665.7,Merchant Payable,2026-08-15
JNL400590,M006,TXN100590,0.0,35957.51,Merchant Payable,2026-08-14
JNL400591,M003,TXN100591,0.0,22054.5,Merchant Payable,2026-08-19
JNL400592,M006,TXN100592,0.0,45366.74,Merchant Payable,2026-08-14
JNL400593,M004,TXN100593,0.0,26522.93,Merchant Payable,2026-08-07
JNL400594,M006,TXN100594,0.0,46912.17,Merchant Payable,2026-08-21
JNL400595,M003,TXN100595,0.0,23154.89,Merchant Payable,2026-08-22
JNL400596,M008,TXN100596,0.0,54564.42,Merchant Payable,2026-08-15
JNL400597,M002,TXN100597,0.0,36073.97,Merchant Payable,2026-08-14
JNL400598,M001,TXN100598,0.0,55334.17,Merchant Payable,2026-08-07
JNL400599,M001,TXN100599,0.0,12183.53,Merchant Payable,2026-08-18
JNL400600,M003,TXN100600,0.0,39406.83,Merchant Payable,2026-08-13
JNL400601,M007,TXN100601,0.0,20898.54,Merchant Payable,2026-08-14
JNL400602,M001,TXN100602,0.0,43224.85,Merchant Payable,2026-08-04
JNL400603,M006,TXN100603,0.0,20630.07,Merchant Payable,2026-08-10
JNL400604,M008,TXN100604,0.0,54932.31,Merchant Payable,2026-08-20
JNL400606,M005,TXN100606,0.0,40699.44,Merchant Payable,2026-08-14
JNL400607,M006,TXN100607,0.0,56209.59,Merchant Payable,2026-08-16
JNL400608,M008,TXN100608,0.0,7272.88,Merchant Payable,2026-08-04
JNL400609,M004,TXN100609,0.0,47133.16,Merchant Payable,2026-08-15
JNL400610,M005,TXN100610,0.0,14867.68,Merchant Payable,2026-08-04
JNL400612,M004,TXN100612,0.0,52621.69,Merchant Payable,2026-08-10
JNL400613,M008,TXN100613,0.0,43520.03,Merchant Payable,2026-08-09
JNL400614,M004,TXN100614,0.0,13850.91,Merchant Payable,2026-08-09
JNL400615,M008,TXN100615,0.0,36322.19,Merchant Payable,2026-08-19
JNL400616,M006,TXN100616,0.0,29249.61,Merchant Payable,2026-08-20
JNL400617,M003,TXN100617,0.0,3643.64,Merchant Payable,2026-08-15
JNL400618,M007,TXN100618,0.0,50230.04,Merchant Payable,2026-08-07
JNL400620,M002,TXN100620,0.0,19504.84,Merchant Payable,2026-08-21
JNL400621,M004,TXN100621,0.0,16194.3,Merchant Payable,2026-08-21
JNL400622,M008,TXN100622,0.0,25624.55,Merchant Payable,2026-08-15
JNL400623,M008,TXN100623,0.0,10987.32,Merchant Payable,2026-08-06
JNL400624,M002,TXN100624,0.0,42605.19,Merchant Payable,2026-08-09
JNL400625,M003,TXN100625,0.0,46679.34,Merchant Payable,2026-08-06
JNL400626,M003,TXN100626,0.0,58481.24,Merchant Payable,2026-08-22
JNL400627,M005,TXN100627,0.0,33049.94,Merchant Payable,2026-08-20
JNL400628,M003,TXN100628,0.0,2829.48,Merchant Payable,2026-08-10
JNL400629,M006,TXN100629,0.0,15545.8,Merchant Payable,2026-08-13
JNL400630,M007,TXN100630,0.0,7490.19,Merchant Payable,2026-08-21
JNL400631,M005,TXN100631,0.0,21057.29,Merchant Payable,2026-08-18
JNL400632,M007,TXN100632,0.0,35963.25,Merchant Payable,2026-08-16
JNL400633,M006,TXN100633,0.0,24939.59,Merchant Payable,2026-08-21
JNL400634,M002,TXN100634,0.0,9955.92,Merchant Payable,2026-08-09
JNL400635,M005,TXN100635,0.0,36004.56,Merchant Payable,2026-08-14
JNL400636,M007,TXN100636,0.0,10154.67,Merchant Payable,2026-08-02
JNL400637,M003,TXN100637,0.0,23279.92,Merchant Payable,2026-08-05
JNL400638,M001,TXN100638,0.0,45197.25,Merchant Payable,2026-08-18
JNL400639,M003,TXN100639,0.0,5400.66,Merchant Payable,2026-08-14
JNL400640,M005,TXN100640,0.0,26157.88,Merchant Payable,2026-08-06
JNL400641,M001,TXN100641,0.0,2523.92,Merchant Payable,2026-08-13
JNL400642,M005,TXN100642,0.0,32262.53,Merchant Payable,2026-08-06
JNL400643,M008,TXN100643,0.0,37327.59,Merchant Payable,2026-08-22
JNL400644,M006,TXN100644,0.0,28408.21,Merchant Payable,2026-08-09
JNL400645,M006,TXN100645,0.0,24382.36,Merchant Payable,2026-08-06
JNL400646,M003,TXN100646,0.0,20520.88,Merchant Payable,2026-08-17
JNL400647,M008,TXN100647,0.0,17977.08,Merchant Payable,2026-08-15
JNL400648,M004,TXN100648,0.0,24490.92,Merchant Payable,2026-08-19
JNL400649,M003,TXN100649,0.0,42134.82,Merchant Payable,2026-08-22
JNL400650,M005,TXN100650,0.0,5075.19,Merchant Payable,2026-08-22
JNL400651,M005,TXN100651,0.0,37848.56,Merchant Payable,2026-08-19
JNL400652,M003,TXN100652,0.0,17103.74,Merchant Payable,2026-08-22
JNL400653,M004,TXN100653,0.0,19180.93,Merchant Payable,2026-08-30
JNL400654,M002,TXN100654,0.0,16973.74,Merchant Payable,2026-08-06
JNL400655,M004,TXN100655,0.0,5747.65,Merchant Payable,2026-08-02
JNL400656,M007,TXN100656,0.0,18495.97,Merchant Payable,2026-08-17
JNL400657,M006,TXN100657,0.0,2911.11,Merchant Payable,2026-08-06
JNL400658,M008,TXN100658,0.0,11087.4,Merchant Payable,2026-08-10
JNL400659,M004,TXN100659,0.0,22538.72,Merchant Payable,2026-08-16
JNL400660,M002,TXN100660,0.0,30938.94,Merchant Payable,2026-08-08
JNL400661,M006,TXN100661,0.0,9681.76,Merchant Payable,2026-08-03
JNL400662,M005,TXN100662,0.0,28363.12,Merchant Payable,2026-08-11
JNL400663,M002,TXN100663,0.0,14277.47,Merchant Payable,2026-08-15
JNL400664,M005,TXN100664,0.0,34356.69,Merchant Payable,2026-08-14
JNL400665,M008,TXN100665,0.0,40676.41,Merchant Payable,2026-08-06
JNL400666,M003,TXN100666,0.0,29609.93,Merchant Payable,2026-08-21
JNL400667,M001,TXN100667,0.0,21104.15,Merchant Payable,2026-08-06
JNL400668,M003,TXN100668,0.0,28906.48,Merchant Payable,2026-08-12
JNL400669,M008,TXN100669,0.0,43290.98,Merchant Payable,2026-08-02
JNL400670,M003,TXN100670,0.0,15092.63,Merchant Payable,2026-08-08
JNL400671,M008,TXN100671,0.0,11564.52,Merchant Payable,2026-08-07
JNL400672,M008,TXN100672,0.0,16559.17,Merchant Payable,2026-08-21
JNL400673,M003,TXN100673,0.0,26451.05,Merchant Payable,2026-08-10
JNL400674,M003,TXN100674,0.0,51920.55,Merchant Payable,2026-08-21
JNL400675,M006,TXN100675,0.0,42283.3,Merchant Payable,2026-08-19
JNL400677,M002,TXN100677,0.0,6114.82,Merchant Payable,2026-08-04
JNL400678,M001,TXN100678,0.0,12205.09,Merchant Payable,2026-08-17
JNL400679,M007,TXN100679,0.0,38887.89,Merchant Payable,2026-08-18
JNL400681,M002,TXN100681,0.0,27837.69,Merchant Payable,2026-08-22
JNL400682,M006,TXN100682,0.0,46529.33,Merchant Payable,2026-08-03
JNL400683,M002,TXN100683,0.0,48762.49,Merchant Payable,2026-08-04
JNL400684,M007,TXN100684,0.0,11434.97,Merchant Payable,2026-08-18
JNL400685,M007,TXN100685,0.0,43621.47,Merchant Payable,2026-08-22
JNL400686,M007,TXN100686,0.0,51526.63,Merchant Payable,2026-08-07
JNL400687,M006,TXN100687,0.0,38603.89,Merchant Payable,2026-08-19
JNL400688,M006,TXN100688,0.0,32375.04,Merchant Payable,2026-08-12
JNL400689,M006,TXN100689,0.0,35756.52,Merchant Payable,2026-08-20
JNL400690,M005,TXN100690,0.0,21341.11,Merchant Payable,2026-08-16
JNL400691,M001,TXN100691,0.0,57776.96,Merchant Payable,2026-08-21
JNL400692,M004,TXN100692,0.0,13012.39,Merchant Payable,2026-08-12
JNL400693,M002,TXN100693,0.0,2695.75,Merchant Payable,2026-08-13
JNL400695,M002,TXN100695,0.0,23119.68,Merchant Payable,2026-08-20
JNL400696,M003,TXN100696,0.0,28931.73,Merchant Payable,2026-08-20
JNL400697,M001,TXN100697,0.0,42868.98,Merchant Payable,2026-08-20
JNL400698,M006,TXN100698,0.0,20656.45,Merchant Payable,2026-08-15
JNL400699,M001,TXN100699,0.0,37248.88,Merchant Payable,2026-08-22
JNL400700,M001,TXN100700,0.0,19047.45,Merchant Payable,2026-08-20
JNL400701,M001,TXN100701,0.0,39554.18,Merchant Payable,2026-08-14
JNL400702,M004,TXN100702,0.0,25668.41,Merchant Payable,2026-08-14
JNL400703,M002,TXN100703,0.0,28293.16,Merchant Payable,2026-08-08
JNL400704,M007,TXN100704,0.0,29496.41,Merchant Payable,2026-08-06
JNL400705,M008,TXN100705,0.0,23564.88,Merchant Payable,2026-08-20
JNL400706,M004,TXN100706,0.0,4666.15,Merchant Payable,2026-08-15
JNL400707,M002,TXN100707,0.0,39738.35,Merchant Payable,2026-08-15
JNL400708,M006,TXN100708,0.0,20459.05,Merchant Payable,2026-08-29
JNL400709,M008,TXN100709,0.0,36868.38,Merchant Payable,2026-08-22
JNL400710,M003,TXN100710,0.0,44627.68,Merchant Payable,2026-08-04
JNL400711,M003,TXN100711,0.0,51094.54,Merchant Payable,2026-08-11
JNL400712,M005,TXN100712,0.0,26557.63,Merchant Payable,2026-08-02
JNL400713,M004,TXN100713,0.0,32342.22,Merchant Payable,2026-08-10
JNL400714,M001,TXN100714,0.0,22327.27,Merchant Payable,2026-08-18
JNL400715,M001,TXN100715,0.0,16957.1,Merchant Payable,2026-08-21
JNL400716,M002,TXN100716,0.0,23197.88,Merchant Payable,2026-08-10
JNL400717,M002,TXN100717,0.0,1605.64,Merchant Payable,2026-08-22
JNL400718,M002,TXN100718,0.0,53300.41,Merchant Payable,2026-08-17
JNL400719,M003,TXN100719,0.0,12074.02,Merchant Payable,2026-08-16
JNL400720,M004,TXN100720,0.0,54251.18,Merchant Payable,2026-08-11
JNL400721,M003,TXN100721,0.0,1559.69,Merchant Payable,2026-08-13
JNL400722,M004,TXN100722,0.0,58548.75,Merchant Payable,2026-08-19
JNL400723,M007,TXN100723,0.0,51582.61,Merchant Payable,2026-08-02
JNL400724,M007,TXN100724,0.0,38465.09,Merchant Payable,2026-08-04
JNL400725,M007,TXN100725,0.0,14378.13,Merchant Payable,2026-08-06
JNL400726,M008,TXN100726,0.0,32142.31,Merchant Payable,2026-08-08
JNL400727,M003,TXN100727,0.0,18488.73,Merchant Payable,2026-08-18
JNL400728,M003,TXN100728,0.0,18983.73,Merchant Payable,2026-08-19
JNL400729,M006,TXN100729,0.0,49153.78,Merchant Payable,2026-08-06
JNL400730,M007,TXN100730,0.0,56058.26,Merchant Payable,2026-08-11
JNL400731,M003,TXN100731,0.0,45905.67,Merchant Payable,2026-08-05
JNL400732,M004,TXN100732,0.0,35253.13,Merchant Payable,2026-08-09
JNL400733,M002,TXN100733,0.0,40696.17,Merchant Payable,2026-08-17
JNL400734,M006,TXN100734,0.0,11152.14,Merchant Payable,2026-08-14
JNL400735,M004,TXN100735,0.0,13679.85,Merchant Payable,2026-08-15
JNL400736,M004,TXN100736,0.0,43764.18,Merchant Payable,2026-08-08
JNL400737,M008,TXN100737,0.0,51110.89,Merchant Payable,2026-08-17
JNL400738,M004,TXN100738,0.0,25413.09,Merchant Payable,2026-08-03
JNL400739,M007,TXN100739,0.0,35838.42,Merchant Payable,2026-08-20
JNL400740,M002,TXN100740,0.0,27160.04,Merchant Payable,2026-08-03
JNL400741,M001,TXN100741,0.0,11495.86,Merchant Payable,2026-08-16
JNL400742,M008,TXN100742,0.0,10204.82,Merchant Payable,2026-08-11
JNL400743,M008,TXN100743,0.0,48936.94,Merchant Payable,2026-08-16
JNL400744,M003,TXN100744,0.0,46077.67,Merchant Payable,2026-08-19
JNL400745,M003,TXN100745,0.0,26916.52,Merchant Payable,2026-08-08
JNL400746,M006,TXN100746,0.0,40585.6,Merchant Payable,2026-08-07
JNL400747,M002,TXN100747,0.0,41752.83,Merchant Payable,2026-08-22
JNL400748,M003,TXN100748,0.0,22547.63,Merchant Payable,2026-08-14
JNL400749,M003,TXN100749,0.0,9933.26,Merchant Payable,2026-08-06
JNL400750,M005,TXN100750,0.0,18416.34,Merchant Payable,2026-08-16
JNL400751,M002,TXN100751,0.0,52732.97,Merchant Payable,2026-08-08
JNL400752,M008,TXN100752,0.0,29951.39,Merchant Payable,2026-08-17
JNL400753,M008,TXN100753,0.0,26975.63,Merchant Payable,2026-08-16
JNL400754,M004,TXN100754,0.0,51913.53,Merchant Payable,2026-08-10
JNL400755,M001,TXN100755,0.0,11020.27,Merchant Payable,2026-08-03
JNL400756,M005,TXN100756,0.0,19667.16,Merchant Payable,2026-08-04
JNL400757,M003,TXN100757,0.0,9887.32,Merchant Payable,2026-08-11
JNL400758,M008,TXN100758,0.0,44233.63,Merchant Payable,2026-08-13
JNL400759,M006,TXN100759,0.0,21852.9,Merchant Payable,2026-08-14
JNL400760,M003,TXN100760,0.0,7622.25,Merchant Payable,2026-08-10
JNL400761,M004,TXN100761,0.0,36167.92,Merchant Payable,2026-08-05
JNL400762,M007,TXN100762,0.0,35684.59,Merchant Payable,2026-08-12
JNL400763,M003,TXN100763,0.0,36272.05,Merchant Payable,2026-08-17
JNL400764,M008,TXN100764,0.0,47657.57,Merchant Payable,2026-08-21
JNL400765,M001,TXN100765,0.0,7340.73,Merchant Payable,2026-08-16
JNL400766,M007,TXN100766,0.0,24420.68,Merchant Payable,2026-08-12
JNL400767,M001,TXN100767,0.0,37639.28,Merchant Payable,2026-08-11
JNL400768,M005,TXN100768,0.0,29837.94,Merchant Payable,2026-08-12
JNL400769,M006,TXN100769,0.0,23445.88,Merchant Payable,2026-08-20
JNL400770,M004,TXN100770,0.0,20021.95,Merchant Payable,2026-08-12
JNL400771,M008,TXN100771,0.0,9920.32,Merchant Payable,2026-08-16
JNL400772,M005,TXN100772,0.0,33212.38,Merchant Payable,2026-08-13
JNL400773,M006,TXN100773,0.0,4325.47,Merchant Payable,2026-08-06
JNL400774,M007,TXN100774,0.0,36454.47,Merchant Payable,2026-08-07
JNL400775,M005,TXN100775,0.0,41340.95,Merchant Payable,2026-08-12
JNL400776,M007,TXN100776,0.0,5752.18,Merchant Payable,2026-08-09
JNL400777,M003,TXN100777,0.0,7027.0,Merchant Payable,2026-08-03
JNL400778,M001,TXN100778,0.0,46826.48,Merchant Payable,2026-08-18
JNL400779,M008,TXN100779,0.0,43247.3,Merchant Payable,2026-08-18
JNL400780,M002,TXN100780,0.0,48525.07,Merchant Payable,2026-08-18
JNL400781,M001,TXN100781,0.0,27127.24,Merchant Payable,2026-08-18
JNL400782,M001,TXN100782,0.0,40332.34,Merchant Payable,2026-08-21
JNL400783,M001,TXN100783,0.0,6464.72,Merchant Payable,2026-08-11
JNL400784,M004,TXN100784,0.0,19194.73,Merchant Payable,2026-08-08
JNL400786,M002,TXN100786,0.0,1382.35,Merchant Payable,2026-08-21
JNL400787,M004,TXN100787,0.0,32115.15,Merchant Payable,2026-08-19
JNL400788,M005,TXN100788,0.0,33741.86,Merchant Payable,2026-08-07
JNL400789,M008,TXN100789,0.0,3446.3,Merchant Payable,2026-08-02
JNL400790,M002,TXN100790,0.0,22706.95,Merchant Payable,2026-08-04
JNL400791,M006,TXN100791,0.0,18599.14,Merchant Payable,2026-08-08
JNL400792,M008,TXN100792,0.0,33895.05,Merchant Payable,2026-08-04
JNL400793,M008,TXN100793,0.0,14011.88,Merchant Payable,2026-09-02
JNL400794,M007,TXN100794,0.0,11081.84,Merchant Payable,2026-08-12
JNL400795,M001,TXN100795,0.0,4276.03,Merchant Payable,2026-08-05
JNL400797,M002,TXN100797,0.0,24193.5,Merchant Payable,2026-08-05
JNL400798,M005,TXN100798,0.0,31145.56,Merchant Payable,2026-08-14
JNL400799,M003,TXN100799,0.0,57218.95,Merchant Payable,2026-08-14
JNL400800,M007,TXN100800,0.0,45830.59,Merchant Payable,2026-08-15
JNL400801,M003,TXN100801,0.0,39086.84,Merchant Payable,2026-08-04
JNL400802,M002,TXN100802,0.0,35147.43,Merchant Payable,2026-08-16
JNL400803,M005,TXN100803,0.0,55858.53,Merchant Payable,2026-08-04
JNL400804,M006,TXN100804,0.0,29141.14,Merchant Payable,2026-08-03
JNL400805,M001,TXN100805,0.0,44393.63,Merchant Payable,2026-08-06
JNL400806,M007,TXN100806,0.0,36108.0,Merchant Payable,2026-08-16
JNL400807,M005,TXN100807,0.0,53693.1,Merchant Payable,2026-08-15
JNL400808,M001,TXN100808,0.0,35949.95,Merchant Payable,2026-08-18
JNL400809,M001,TXN100809,0.0,21899.02,Merchant Payable,2026-08-19
JNL400810,M002,TXN100810,0.0,50810.06,Merchant Payable,2026-08-02
JNL400811,M006,TXN100811,0.0,41748.24,Merchant Payable,2026-08-14
JNL400812,M003,TXN100812,0.0,28150.88,Merchant Payable,2026-08-13
JNL400813,M003,TXN100813,0.0,17237.78,Merchant Payable,2026-08-06
JNL400814,M007,TXN100814,0.0,56854.99,Merchant Payable,2026-08-06
JNL400815,M003,TXN100815,0.0,26958.08,Merchant Payable,2026-08-15
JNL400816,M006,TXN100816,0.0,13573.2,Merchant Payable,2026-08-15
JNL400817,M004,TXN100817,0.0,42086.47,Merchant Payable,2026-08-10
JNL400818,M001,TXN100818,0.0,57220.12,Merchant Payable,2026-08-20
JNL400819,M008,TXN100819,0.0,56634.5,Merchant Payable,2026-08-04
JNL400820,M008,TXN100820,0.0,30666.13,Merchant Payable,2026-08-18
JNL400821,M008,TXN100821,0.0,37305.12,Merchant Payable,2026-08-04
JNL400823,M008,TXN100823,0.0,33994.92,Merchant Payable,2026-08-15
JNL400824,M003,TXN100824,0.0,2547.26,Merchant Payable,2026-08-21
JNL400825,M001,TXN100825,0.0,36982.84,Merchant Payable,2026-08-20
JNL400826,M005,TXN100826,0.0,47343.93,Merchant Payable,2026-08-21
JNL400827,M002,TXN100827,0.0,7900.61,Merchant Payable,2026-08-04
JNL400828,M005,TXN100828,0.0,16429.37,Merchant Payable,2026-08-10
JNL400830,M008,TXN100830,0.0,11041.03,Merchant Payable,2026-08-25
JNL400831,M003,TXN100831,0.0,49280.75,Merchant Payable,2026-08-15
JNL400832,M003,TXN100832,0.0,8436.71,Merchant Payable,2026-08-13
JNL400833,M003,TXN100833,0.0,27518.49,Merchant Payable,2026-08-17
JNL400834,M007,TXN100834,0.0,40001.89,Merchant Payable,2026-08-14
JNL400835,M007,TXN100835,0.0,1165.94,Merchant Payable,2026-08-16
JNL400836,M001,TXN100836,0.0,6131.91,Merchant Payable,2026-08-19
JNL400837,M005,TXN100837,0.0,19890.54,Merchant Payable,2026-08-10
JNL400838,M008,TXN100838,0.0,45624.11,Merchant Payable,2026-08-09
JNL400839,M006,TXN100839,0.0,39832.4,Merchant Payable,2026-08-07
JNL400840,M002,TXN100840,0.0,1276.19,Merchant Payable,2026-08-05
JNL400841,M005,TXN100841,0.0,15078.44,Merchant Payable,2026-08-03
JNL400842,M001,TXN100842,0.0,54578.85,Merchant Payable,2026-08-08
JNL400843,M007,TXN100843,0.0,38434.03,Merchant Payable,2026-08-22
JNL400844,M003,TXN100844,0.0,15246.37,Merchant Payable,2026-08-16
JNL400845,M005,TXN100845,0.0,45053.68,Merchant Payable,2026-08-12
JNL400846,M005,TXN100846,0.0,45302.73,Merchant Payable,2026-08-14
JNL400848,M003,TXN100848,0.0,38089.06,Merchant Payable,2026-08-05
JNL400849,M004,TXN100849,0.0,36279.41,Merchant Payable,2026-08-05
JNL400850,M001,TXN100850,0.0,4714.16,Merchant Payable,2026-08-20
JNL400851,M001,TXN100851,0.0,52480.5,Merchant Payable,2026-08-06
JNL400852,M001,TXN100852,0.0,39030.5,Merchant Payable,2026-08-10
JNL400853,M001,TXN100853,0.0,30375.94,Merchant Payable,2026-08-17
JNL400854,M002,TXN100854,0.0,32048.42,Merchant Payable,2026-08-02
JNL400855,M006,TXN100855,0.0,19816.45,Merchant Payable,2026-08-11
JNL400856,M006,TXN100856,0.0,31907.65,Merchant Payable,2026-08-12
JNL400857,M003,TXN100857,0.0,32787.84,Merchant Payable,2026-08-14
JNL400858,M007,TXN100858,0.0,52315.13,Merchant Payable,2026-08-22
JNL400859,M004,TXN100859,0.0,8366.22,Merchant Payable,2026-08-08
JNL400860,M008,TXN100860,0.0,23182.4,Merchant Payable,2026-08-19
JNL400861,M008,TXN100861,0.0,56916.85,Merchant Payable,2026-08-02
JNL400863,M003,TXN100863,0.0,43655.93,Merchant Payable,2026-08-09
JNL400864,M008,TXN100864,0.0,38657.8,Merchant Payable,2026-08-17
JNL400865,M003,TXN100865,0.0,869.18,Merchant Payable,2026-08-22
JNL400866,M002,TXN100866,0.0,48048.14,Merchant Payable,2026-08-05
JNL400867,M002,TXN100867,0.0,47491.81,Merchant Payable,2026-08-15
JNL400868,M006,TXN100868,0.0,7489.99,Merchant Payable,2026-08-20
JNL400869,M004,TXN100869,0.0,45082.01,Merchant Payable,2026-08-20
JNL400870,M003,TXN100870,0.0,44616.99,Merchant Payable,2026-08-07
JNL400871,M008,TXN100871,0.0,14580.56,Merchant Payable,2026-08-20
JNL400872,M003,TXN100872,0.0,1399.97,Merchant Payable,2026-08-17
JNL400873,M003,TXN100873,0.0,39288.91,Merchant Payable,2026-08-22
JNL400874,M003,TXN100874,0.0,12498.39,Merchant Payable,2026-08-22
JNL400875,M004,TXN100875,0.0,55173.33,Merchant Payable,2026-08-21
JNL400876,M008,TXN100876,0.0,36218.42,Merchant Payable,2026-08-04
JNL400877,M007,TXN100877,0.0,744.25,Merchant Payable,2026-08-09
JNL400878,M006,TXN100878,0.0,50499.16,Merchant Payable,2026-08-19
JNL400879,M004,TXN100879,0.0,16603.42,Merchant Payable,2026-08-08
JNL400880,M008,TXN100880,0.0,10779.15,Merchant Payable,2026-08-03
JNL400881,M005,TXN100881,0.0,12955.32,Merchant Payable,2026-08-10
JNL400882,M001,TXN100882,0.0,54124.66,Merchant Payable,2026-08-07
JNL400883,M002,TXN100883,0.0,4630.99,Merchant Payable,2026-08-09
JNL400885,M004,TXN100885,0.0,43494.94,Merchant Payable,2026-08-08
JNL400886,M001,TXN100886,0.0,52505.91,Merchant Payable,2026-08-06
JNL400887,M006,TXN100887,0.0,8394.43,Merchant Payable,2026-08-08
JNL400888,M004,TXN100888,0.0,20069.76,Merchant Payable,2026-08-03
JNL400889,M005,TXN100889,0.0,8393.95,Merchant Payable,2026-08-16
JNL400890,M006,TXN100890,0.0,13231.93,Merchant Payable,2026-08-11
JNL400891,M004,TXN100891,0.0,5212.42,Merchant Payable,2026-08-18
JNL400892,M008,TXN100892,0.0,16783.74,Merchant Payable,2026-08-15
JNL400893,M006,TXN100893,0.0,25660.29,Merchant Payable,2026-08-09
JNL400894,M007,TXN100894,0.0,57156.18,Merchant Payable,2026-08-03
JNL400895,M007,TXN100895,0.0,31190.51,Merchant Payable,2026-08-17
JNL400896,M008,TXN100896,0.0,14526.65,Merchant Payable,2026-08-19
JNL400897,M003,TXN100897,0.0,21366.72,Merchant Payable,2026-08-09
JNL400898,M008,TXN100898,0.0,39288.79,Merchant Payable,2026-08-07
JNL400899,M003,TXN100899,0.0,51411.82,Merchant Payable,2026-08-21
JNL400900,M001,TXN100900,0.0,50467.6,Merchant Payable,2026-08-04
JNL400901,M005,TXN100901,0.0,25158.15,Merchant Payable,2026-08-10
JNL400902,M002,TXN100902,0.0,36741.56,Merchant Payable,2026-08-12
JNL400903,M001,TXN100903,0.0,7249.41,Merchant Payable,2026-08-13
JNL400904,M002,TXN100904,0.0,33253.7,Merchant Payable,2026-08-08
JNL400905,M002,TXN100905,0.0,38411.55,Merchant Payable,2026-08-20
JNL400906,M006,TXN100906,0.0,52539.8,Merchant Payable,2026-08-18
JNL400907,M001,TXN100907,0.0,4160.27,Merchant Payable,2026-08-13
JNL400908,M008,TXN100908,0.0,36738.13,Merchant Payable,2026-08-04
JNL400909,M002,TXN100909,0.0,23316.9,Merchant Payable,2026-08-07
JNL400910,M003,TXN100910,0.0,16563.23,Merchant Payable,2026-08-06
JNL400911,M001,TXN100911,0.0,17488.11,Merchant Payable,2026-08-19
JNL400912,M007,TXN100912,0.0,26144.86,Merchant Payable,2026-08-22
JNL400913,M002,TXN100913,0.0,1778.48,Merchant Payable,2026-08-09
JNL400914,M006,TXN100914,0.0,38562.73,Merchant Payable,2026-08-12
JNL400915,M008,TXN100915,0.0,18238.16,Merchant Payable,2026-08-08
JNL400916,M008,TXN100916,0.0,22197.74,Merchant Payable,2026-08-11
JNL400917,M005,TXN100917,0.0,26897.38,Merchant Payable,2026-08-07
JNL400919,M001,TXN100919,0.0,58121.38,Merchant Payable,2026-08-20
JNL400920,M006,TXN100920,0.0,11182.3,Merchant Payable,2026-08-19
JNL400921,M006,TXN100921,0.0,9063.38,Merchant Payable,2026-08-16
JNL400922,M002,TXN100922,0.0,54268.05,Merchant Payable,2026-08-14
JNL400923,M006,TXN100923,0.0,9732.53,Merchant Payable,2026-08-19
JNL400924,M003,TXN100924,0.0,31641.19,Merchant Payable,2026-08-16
JNL400925,M003,TXN100925,0.0,39882.82,Merchant Payable,2026-08-05
JNL400926,M008,TXN100926,0.0,21350.67,Merchant Payable,2026-08-12
JNL400927,M004,TXN100927,0.0,46032.72,Merchant Payable,2026-08-10
JNL400928,M008,TXN100928,0.0,40014.15,Merchant Payable,2026-08-04
JNL400929,M008,TXN100929,0.0,18697.28,Merchant Payable,2026-08-21
JNL400930,M007,TXN100930,0.0,9034.52,Merchant Payable,2026-08-15
JNL400931,M001,TXN100931,0.0,16994.02,Merchant Payable,2026-08-13
JNL400932,M004,TXN100932,0.0,43414.82,Merchant Payable,2026-08-16
JNL400933,M007,TXN100933,0.0,42183.44,Merchant Payable,2026-08-15
JNL400934,M005,TXN100934,0.0,27979.84,Merchant Payable,2026-08-18
JNL400935,M002,TXN100935,0.0,877.68,Merchant Payable,2026-08-22
JNL400936,M008,TXN100936,0.0,41951.54,Merchant Payable,2026-08-06
JNL400937,M005,TXN100937,0.0,32996.36,Merchant Payable,2026-08-03
JNL400938,M004,TXN100938,0.0,2054.42,Merchant Payable,2026-08-02
JNL400939,M008,TXN100939,0.0,7734.62,Merchant Payable,2026-08-11
JNL400940,M004,TXN100940,0.0,2154.62,Merchant Payable,2026-08-10
JNL400941,M008,TXN100941,0.0,33505.04,Merchant Payable,2026-08-10
JNL400942,M002,TXN100942,0.0,22295.61,Merchant Payable,2026-08-20
JNL400943,M003,TXN100943,0.0,18974.22,Merchant Payable,2026-08-06
JNL400944,M007,TXN100944,0.0,37269.06,Merchant Payable,2026-08-13
JNL400945,M002,TXN100945,0.0,30119.92,Merchant Payable,2026-08-22
JNL400946,M006,TXN100946,0.0,48417.53,Merchant Payable,2026-08-11
JNL400947,M002,TXN100947,0.0,31714.9,Merchant Payable,2026-08-13
JNL400948,M005,TXN100948,0.0,22094.49,Merchant Payable,2026-08-17
JNL400949,M002,TXN100949,0.0,13220.56,Merchant Payable,2026-08-18
JNL400950,M007,TXN100950,0.0,26688.05,Merchant Payable,2026-08-04
JNL400951,M005,TXN100951,0.0,40517.49,Merchant Payable,2026-08-06
JNL400952,M001,TXN100952,0.0,43661.85,Merchant Payable,2026-08-05
JNL400953,M004,TXN100953,0.0,13721.0,Merchant Payable,2026-08-08
JNL400954,M002,TXN100954,0.0,1589.75,Merchant Payable,2026-08-17
JNL400955,M002,TXN100955,0.0,1239.12,Merchant Payable,2026-08-18
JNL400956,M001,TXN100956,0.0,4327.2,Merchant Payable,2026-08-02
JNL400957,M004,TXN100957,0.0,11143.26,Merchant Payable,2026-08-13
JNL400958,M006,TXN100958,0.0,9794.55,Merchant Payable,2026-08-18
JNL400959,M002,TXN100959,0.0,6281.3,Merchant Payable,2026-08-20
JNL400960,M001,TXN100960,0.0,56950.22,Merchant Payable,2026-08-05
JNL400961,M006,TXN100961,0.0,40671.77,Merchant Payable,2026-08-07
JNL400962,M007,TXN100962,0.0,25001.82,Merchant Payable,2026-08-18
JNL400963,M006,TXN100963,0.0,7764.22,Merchant Payable,2026-08-05
JNL400964,M002,TXN100964,0.0,19661.38,Merchant Payable,2026-08-05
JNL400965,M005,TXN100965,0.0,40285.53,Merchant Payable,2026-08-16
JNL400966,M005,TXN100966,0.0,41096.83,Merchant Payable,2026-08-15
JNL400967,M003,TXN100967,0.0,1234.28,Merchant Payable,2026-08-17
JNL400968,M002,TXN100968,0.0,8867.34,Merchant Payable,2026-08-14
JNL400969,M003,TXN100969,0.0,4378.99,Merchant Payable,2026-08-08
JNL400970,M007,TXN100970,0.0,42412.53,Merchant Payable,2026-08-10
JNL400971,M007,TXN100971,0.0,21070.25,Merchant Payable,2026-08-21
JNL400972,M003,TXN100972,0.0,45225.67,Merchant Payable,2026-08-05
JNL400973,M008,TXN100973,0.0,13840.69,Merchant Payable,2026-08-06
JNL400974,M008,TXN100974,0.0,40336.72,Merchant Payable,2026-08-07
JNL400975,M002,TXN100975,0.0,44904.59,Merchant Payable,2026-08-18
JNL400976,M008,TXN100976,0.0,29107.34,Merchant Payable,2026-08-10
JNL400977,M001,TXN100977,0.0,57943.82,Merchant Payable,2026-08-05
JNL400978,M007,TXN100978,0.0,26069.47,Merchant Payable,2026-08-03
JNL400979,M003,TXN100979,0.0,29118.31,Merchant Payable,2026-08-06
JNL400980,M002,TXN100980,0.0,33726.79,Merchant Payable,2026-08-17
JNL400981,M008,TXN100981,0.0,33311.25,Merchant Payable,2026-08-07
JNL400982,M005,TXN100982,0.0,29142.91,Merchant Payable,2026-08-14
JNL400983,M005,TXN100983,0.0,19051.49,Merchant Payable,2026-08-02
JNL400984,M006,TXN100984,0.0,20418.28,Merchant Payable,2026-08-20
JNL400985,M007,TXN100985,0.0,6108.97,Merchant Payable,2026-08-18
JNL400987,M002,TXN100987,0.0,51259.48,Merchant Payable,2026-08-05
JNL400988,M006,TXN100988,0.0,2653.9,Merchant Payable,2026-08-15
JNL400989,M005,TXN100989,0.0,1668.64,Merchant Payable,2026-08-17
JNL400990,M007,TXN100990,0.0,33458.98,Merchant Payable,2026-08-12
JNL400991,M002,TXN100991,0.0,40855.25,Merchant Payable,2026-08-08
JNL400992,M003,TXN100992,0.0,36303.39,Merchant Payable,2026-08-13
JNL400993,M002,TXN100993,0.0,49590.87,Merchant Payable,2026-08-19
JNL400994,M001,TXN100994,0.0,17728.85,Merchant Payable,2026-08-20
JNL400995,M002,TXN100995,0.0,35071.14,Merchant Payable,2026-08-10
JNL400996,M007,TXN100996,0.0,12664.27,Merchant Payable,2026-08-04
JNL400997,M007,TXN100997,0.0,38842.37,Merchant Payable,2026-08-12
JNL400998,M005,TXN100998,0.0,36689.25,Merchant Payable,2026-08-16
JNL400999,M001,TXN100999,0.0,36898.4,Merchant Payable,2026-08-23
