transaction_id,merchant_id,merchant_name,customer_id,amount,timestamp,payment_method,status
TXN100000,M002,Bluewave Retail Pvt Ltd,CUST84607,4048.46,2026-08-10 19:00:00,NETBANKING,SUCCESS
TXN100001,M008,Harbor Analytics Pvt Ltd,CUST62757,7899.04,2026-08-10 22:00:00,NETBANKING,SUCCESS
TXN100002,M008,Harbor Analytics Pvt Ltd,CUST66626,26546.65,2026-08-20 01:00:00,NETBANKING,SUCCESS
TXN100003,M005,Orbit Mobility Pvt Ltd,CUST85392,2038.96,2026-08-08 21:00:00,UPI,SUCCESS
TXN100004,M005,Orbit Mobility Pvt Ltd,CUST67963,34786.7,2026-08-06 15:00:00,NETBANKING,SUCCESS
TXN100005,M003,Nimbus Foods LLP,CUST74451,59818.26,2026-08-14 20:00:00,UPI,SUCCESS
TXN100006,M008,Harbor Analytics Pvt Ltd,CUST97835,21203.68,2026-08-11 10:00:00,UPI,SUCCESS
TXN100007,M003,Nimbus Foods LLP,CUST96846,20123.32,2026-08-16 09:00:00,WALLET,SUCCESS
TXN100008,M001,ABC Technologies Pvt Ltd,CUST52372,27562.14,2026-08-11 08:00:00,UPI,SUCCESS
TXN100009,M007,Velocity Logistics Pvt Ltd,CUST81118,51962.18,2026-08-01 21:00:00,WALLET,SUCCESS
TXN100010,M007,Velocity Logistics Pvt Ltd,CUST75338,3725.14,2026-08-17 11:00:00,WALLET,SUCCESS
TXN100011,M001,ABC Technologies Pvt Ltd,CUST47752,12611.72,2026-08-18 04:00:00,WALLET,SUCCESS
TXN100012,M008,Harbor Analytics Pvt Ltd,CUST50730,7724.85,2026-08-21 19:00:00,UPI,SUCCESS
TXN100013,M007,Velocity Logistics Pvt. Ltd.,CUST94896,6045.95,2026-08-04 14:00:00,CARD,SUCCESS
TXN100014,M008,HARBOR ANALYTICS,CUST64459,55992.86,2026-08-10 16:00:00,WALLET,SUCCESS
TXN100015,M008,Harbor Analytics Pvt Ltd,CUST60277,15001.99,2026-08-18 04:00:00,CARD,SUCCESS
TXN100016,M003,Nimbus Foods LLP,CUST54548,51909.6,2026-08-09 13:00:00,NETBANKING,SUCCESS
TXN100017,M001,ABC Technologies Pvt Ltd,CUST96499,17328.92,2026-08-10 18:00:00,WALLET,SUCCESS
TXN100018,M003,Nimbus Foods LLP,CUST69682,27069.57,2026-08-16 11:00:00,NETBANKING,SUCCESS
TXN100019,M004,Craftline Traders Pvt Ltd,CUST60196,58856.09,2026-08-08 18:00:00,CARD,SUCCESS
TXN100020,M007,VELOCITY LOGISTICS,CUST60604,3097.01,2026-08-16 22:00:00,CARD,SUCCESS
TXN100021,M008,Harbor Analytics Pvt Ltd,CUST87356,57907.05,2026-08-05 16:00:00,NETBANKING,SUCCESS
TXN100022,M002,Bluewave Retail Pvt Ltd,CUST78937,52514.33,2026-08-15 03:00:00,WALLET,SUCCESS
TXN100023,M001,ABC Technologies Pvt Ltd,CUST71537,43485.41,2026-08-14 20:00:00,NETBANKING,SUCCESS
TXN100024,M006,Sundrop Organics Pvt Ltd,CUST20527,37583.93,2026-08-13 20:00:00,NETBANKING,SUCCESS
TXN100025,M007,Velocity Logistics Pvt Ltd,CUST73956,57271.31,2026-08-21 22:00:00,UPI,SUCCESS
TXN100026,M002,Blue Wave Retail Pvt Ltd,CUST21846,14468.83,2026-08-10 07:00:00,WALLET,SUCCESS
TXN100027,M002,Bluewave Retail Pvt Ltd,CUST31805,45742.0,2026-08-04 14:00:00,NETBANKING,SUCCESS
TXN100028,M001,ABC Technologies Pvt Ltd,CUST56984,3236.46,2026-08-02 09:00:00,NETBANKING,SUCCESS
TXN100029,M007,Velocity Logistics Pvt Ltd,CUST99364,9161.4,2026-08-17 13:00:00,CARD,SUCCESS
TXN100030,M003,Nimbus Foods LLP,CUST75230,10916.63,2026-08-20 12:00:00,CARD,SUCCESS
TXN100031,M004,Craftline Traders Pvt Ltd,CUST11231,27938.42,2026-08-09 14:00:00,WALLET,SUCCESS
TXN100032,M005,Orbit Mobility Pvt Ltd,CUST67898,40817.85,2026-08-06 02:00:00,NETBANKING,SUCCESS
TXN100033,M005,Orbit Mobility Pvt Ltd,CUST36111,38516.85,2026-08-14 22:00:00,WALLET,SUCCESS
TXN100034,M008,Harbor Analytics Pvt Ltd,CUST57049,6845.87,2026-08-13 18:00:00,NETBANKING,SUCCESS
TXN100034,M008,Harbor Analytics Pvt Ltd,CUST57049,6845.87,2026-08-13 18:00:00,NETBANKING,SUCCESS
TXN100035,M005,Orbit Mobility Pvt Ltd,CUST11061,1805.41,2026-08-13 08:00:00,UPI,SUCCESS
TXN100036,M008,Harbor Analytics Pvt Ltd,CUST89569,50053.91,2026-08-10 07:00:00,NETBANKING,SUCCESS
TXN100037,M004,Craftline Traders Pvt Ltd,CUST92345,38378.76,2026-08-20 08:00:00,UPI,SUCCESS
TXN100038,M001,ABC Technologies Pvt Ltd,CUST85965,18881.51,2026-08-15 01:00:00,NETBANKING,SUCCESS
TXN100039,M003,Nimbus Foods LLP,CUST64460,5862.94,2026-08-10 10:00:00,CARD,SUCCESS
TXN100040,M004,Craftline Traders Pvt Ltd,CUST79579,8363.51,2026-08-18 11:00:00,NETBANKING,SUCCESS
TXN100041,M003,Nimbus Foods LLP,CUST54396,15789.72,2026-08-16 09:00:00,UPI,SUCCESS
TXN100042,M008,Harbor Analytics Pvt Ltd,CUST98647,57792.15,2026-08-05 07:00:00,WALLET,SUCCESS
TXN100043,M006,Sundrop Organics Pvt Ltd,CUST69609,5873.02,2026-08-13 00:00:00,NETBANKING,SUCCESS
TXN100044,M005,Orbit Mobility Pvt Ltd,CUST24201,35281.33,2026-08-21 11:00:00,CARD,SUCCESS
TXN100045,M008,Harbor Analytics Pvt Ltd,CUST89964,1988.97,2026-08-18 10:00:00,CARD,SUCCESS
TXN100046,M002,Bluewave Retail Pvt Ltd,CUST49608,38306.53,2026-08-15 22:00:00,WALLET,SUCCESS
TXN100047,M002,Bluewave Retail Pvt Ltd,CUST22739,8816.73,2026-08-02 09:00:00,CARD,SUCCESS
TXN100048,M003,Nimbus Foods LLP,CUST80804,23624.43,2026-08-12 21:00:00,WALLET,SUCCESS
TXN100049,M003,Nimbus Foods LLP,CUST46666,53182.12,2026-08-21 03:00:00,UPI,SUCCESS
TXN100050,M006,Sundrop Organics Pvt Ltd,CUST23022,13427.55,2026-08-15 07:00:00,NETBANKING,SUCCESS
TXN100051,M006,Sundrop Organics Pvt Ltd,CUST26011,4102.73,2026-08-09 06:00:00,WALLET,SUCCESS
TXN100052,M002,Bluewave Retail Pvt Ltd,CUST88269,39934.74,2026-08-21 20:00:00,UPI,SUCCESS
TXN100053,M001,ABC Technologies Pvt Ltd,CUST18992,47314.28,2026-08-08 04:00:00,CARD,SUCCESS
TXN100054,M004,Craftline Traders Pvt Ltd,CUST46342,48876.65,2026-08-08 10:00:00,CARD,SUCCESS
TXN100055,M003,Nimbus Foods LLP,CUST96646,32642.82,2026-08-06 03:00:00,UPI,SUCCESS
TXN100056,M003,Nimbus Foods LLP,CUST52437,1384.19,2026-08-08 18:00:00,UPI,SUCCESS
TXN100056,M003,Nimbus Foods LLP,CUST52437,1384.19,2026-08-08 18:00:00,UPI,SUCCESS
TXN100057,M003,Nimbus Foods LLP,CUST65176,16289.37,2026-08-05 23:00:00,UPI,SUCCESS
TXN100058,M002,Bluewave Retail Pvt Ltd,CUST87812,28836.63,2026-08-12 16:00:00,UPI,SUCCESS
TXN100059,M008,Harbor Analytics Pvt Ltd,CUST96363,30478.4,2026-08-20 01:00:00,NETBANKING,SUCCESS
TXN100060,M008,Harbor Analytics Pvt Ltd,CUST72781,38778.77,2026-08-01 01:00:00,WALLET,SUCCESS
TXN100061,M007,Velocity Logistics Pvt Ltd,CUST19632,41322.8,2026-08-16 22:00:00,UPI,SUCCESS
TXN100062,M006,Sundrop Organics Pvt Ltd,CUST46046,36693.7,2026-08-03 04:00:00,NETBANKING,SUCCESS
TXN100063,M007,Velocity Logistics Pvt Ltd,CUST69469,59680.35,2026-08-17 09:00:00,WALLET,SUCCESS
TXN100064,M002,Bluewave Retail Pvt Ltd,CUST38183,47689.22,2026-08-04 20:00:00,WALLET,SUCCESS
TXN100065,M008,Harbor Analytics Pvt Ltd,CUST69441,53341.42,2026-08-14 10:00:00,WALLET,SUCCESS
TXN100066,M007,Velocity Logistics Pvt Ltd,CUST43408,43911.94,2026-08-11 13:00:00,NETBANKING,SUCCESS
TXN100067,M003,Nimbus Foods LLP,CUST21957,41365.85,2026-08-16 02:00:00,UPI,SUCCESS
TXN100068,M002,Bluewave Retail Pvt Ltd,CUST97819,26196.65,2026-08-12 04:00:00,UPI,SUCCESS
TXN100069,M007,Velocity Logistics Pvt Ltd,CUST16743,21539.09,2026-08-14 23:00:00,NETBANKING,SUCCESS
TXN100070,M005,Orbit Mobility Pvt Ltd,CUST37884,21422.95,2026-08-19 16:00:00,CARD,SUCCESS
TXN100071,M008,Harbor Analytics Pvt Ltd,CUST82910,13842.57,2026-08-04 11:00:00,NETBANKING,SUCCESS
TXN100072,M002,Bluewave Retail Pvt Ltd,CUST66244,45875.04,2026-08-19 07:00:00,UPI,SUCCESS
TXN100073,M005,Orbit Mobility Pvt Ltd,CUST50499,2222.71,2026-08-09 22:00:00,NETBANKING,SUCCESS
TXN100074,M006,Sundrop Organics Pvt Ltd,CUST96159,863.29,2026-08-05 18:00:00,WALLET,SUCCESS
TXN100075,M002,Bluewave Retail Pvt Ltd,CUST22026,8941.54,2026-08-21 00:00:00,CARD,SUCCESS
TXN100076,M007,Velocity Logistics Pvt Ltd,CUST58503,25480.03,2026-08-11 05:00:00,NETBANKING,SUCCESS
TXN100077,M006,Sundrop Organics Pvt Ltd,CUST21135,46721.72,2026-08-19 19:00:00,UPI,SUCCESS
TXN100078,M003,Nimbus Foods LLP,CUST98338,9865.89,2026-08-20 01:00:00,UPI,SUCCESS
TXN100079,M005,Orbit Mobility Pvt Ltd,CUST64287,26865.22,2026-08-14 15:00:00,NETBANKING,SUCCESS
TXN100080,M004,Craftline Traders Pvt Ltd,CUST66349,45419.12,2026-08-04 11:00:00,UPI,SUCCESS
TXN100081,M005,Orbit Mobility Pvt Ltd,CUST79066,40853.96,2026-08-19 15:00:00,NETBANKING,SUCCESS
TXN100082,M001,ABC Technologies Pvt Ltd,CUST11007,13620.85,2026-08-20 01:00:00,CARD,SUCCESS
TXN100083,M005,Orbit Mobility Pvt Ltd,CUST47938,56746.78,2026-08-05 08:00:00,NETBANKING,SUCCESS
TXN100084,M002,Bluewave Retail Pvt. Ltd.,CUST59834,959.93,2026-08-14 05:00:00,CARD,SUCCESS
TXN100085,M006,Sundrop Organics Pvt Ltd,CUST51033,4788.49,2026-08-02 13:00:00,WALLET,SUCCESS
TXN100086,M007,Velocity Logistics Pvt Ltd,CUST25096,42715.19,2026-08-14 09:00:00,WALLET,SUCCESS
TXN100087,M001,ABC Technologies Pvt Ltd,CUST70305,57988.88,2026-08-06 19:00:00,NETBANKING,SUCCESS
TXN100088,M002,Bluewave Retail Pvt Ltd,CUST62487,26484.35,2026-08-04 07:00:00,UPI,SUCCESS
TXN100089,M007,Velocity Logistics Pvt Ltd,CUST53655,52296.2,2026-08-11 07:00:00,CARD,SUCCESS
TXN100090,M002,Bluewave Retail Pvt Ltd,CUST56019,30873.76,2026-08-04 16:00:00,CARD,SUCCESS
TXN100091,M004,Craftline Traders Pvt Ltd,CUST32740,6616.87,2026-08-09 06:00:00,CARD,SUCCESS
TXN100092,M002,Bluewave Retail Pvt Ltd,CUST83889,11040.19,2026-08-21 15:00:00,WALLET,SUCCESS
TXN100093,M006,Sundrop Organics Pvt Ltd,CUST29786,51922.69,2026-08-21 10:00:00,WALLET,SUCCESS
TXN100094,M002,Bluewave Retail Pvt Ltd,CUST46002,28400.8,2026-08-21 09:00:00,UPI,SUCCESS
TXN100095,M006,Sundrop Organics Pvt Ltd,CUST69233,30686.54,2026-08-10 14:00:00,UPI,SUCCESS
TXN100096,M001,ABC Technologies Pvt Ltd,CUST94497,22439.89,2026-08-10 02:00:00,UPI,SUCCESS
TXN100097,M007,Velocity Logistics Pvt Ltd,CUST15376,28031.34,2026-08-18 23:00:00,WALLET,SUCCESS
TXN100098,M004,Craftline Traders Pvt Ltd,CUST29773,19630.84,2026-08-16 16:00:00,UPI,SUCCESS
TXN100099,M008,Harbor Analytics Pvt Ltd,CUST21053,6658.36,2026-08-11 22:00:00,CARD,SUCCESS
TXN100100,M001,ABC Technologies Pvt Ltd,CUST78690,15240.75,2026-08-15 14:00:00,CARD,SUCCESS
TXN100101,M006,Sundrop Organics Pvt Ltd,CUST98984,22684.69,2026-08-10 12:00:00,UPI,SUCCESS
TXN100102,M006,Sundrop Organics Pvt Ltd,CUST98916,4421.76,2026-08-04 17:00:00,WALLET,SUCCESS
TXN100103,M005,Orbit Mobility Pvt Ltd,CUST53694,15493.75,2026-08-20 04:00:00,UPI,SUCCESS
TXN100104,M003,Nimbus Foods LLP,CUST96787,55046.41,2026-08-10 20:00:00,WALLET,SUCCESS
TXN100105,M003,Nimbus Foods LLP,CUST83259,35904.95,2026-08-03 09:00:00,WALLET,SUCCESS
TXN100106,M006,Sundrop Organics Pvt Ltd,CUST94675,48884.49,2026-08-17 02:00:00,WALLET,SUCCESS
TXN100107,M006,Sundrop Organics Pvt Ltd,CUST38074,1584.72,2026-08-10 05:00:00,NETBANKING,SUCCESS
TXN100108,M008,Harbor Analytics Pvt Ltd,CUST20114,11924.31,2026-08-05 04:00:00,NETBANKING,SUCCESS
TXN100109,M002,Bluewave Retail Pvt Ltd,CUST79013,30707.54,2026-08-18 23:00:00,UPI,SUCCESS
TXN100110,M006,Sundrop Organics Pvt Ltd,CUST88282,52645.37,2026-08-20 04:00:00,WALLET,SUCCESS
TXN100111,M003,Nimbus Foods LLP,CUST67366,10153.71,2026-08-20 05:00:00,UPI,SUCCESS
TXN100112,M007,Velocity Logistics Pvt Ltd,CUST90031,22175.82,2026-08-08 14:00:00,NETBANKING,SUCCESS
TXN100113,M008,Harbor Analytics Pvt Ltd,CUST71474,14423.18,2026-08-08 09:00:00,CARD,SUCCESS
TXN100114,M006,Sundrop Organics Pvt Ltd,CUST70513,40859.26,2026-08-19 14:00:00,NETBANKING,SUCCESS
TXN100115,M007,Velocity Logistics Pvt Ltd,CUST42768,30422.95,2026-08-14 05:00:00,UPI,SUCCESS
TXN100116,M008,Harbor Analytics Pvt Ltd,CUST77621,52509.96,2026-08-18 03:00:00,UPI,SUCCESS
TXN100116,M008,Harbor Analytics Pvt Ltd,CUST77621,52509.96,2026-08-18 03:00:00,UPI,SUCCESS
TXN100117,M005,Orbit Mobility Pvt Ltd,CUST68893,5490.57,2026-08-06 08:00:00,CARD,SUCCESS
TXN100118,M007,Velocity Logistics Pvt Ltd,CUST55820,5956.96,2026-08-08 14:00:00,UPI,SUCCESS
TXN100119,M007,Velocity Logistics Pvt Ltd,CUST60615,3668.78,2026-08-17 11:00:00,UPI,SUCCESS
TXN100120,M006,Sundrop Organics Pvt Ltd,CUST29142,13860.06,2026-08-11 03:00:00,CARD,SUCCESS
TXN100121,M001,ABC Technologies Pvt Ltd,CUST71487,17569.32,2026-08-16 22:00:00,WALLET,SUCCESS
TXN100122,M001,ABC Technologies Pvt Ltd,CUST38266,54398.52,2026-08-01 08:00:00,CARD,SUCCESS
TXN100123,M007,Velocity Logistics Pvt Ltd,CUST49472,7115.62,2026-08-10 07:00:00,UPI,SUCCESS
TXN100124,M001,ABC Technologies Pvt Ltd,CUST75513,14687.15,2026-08-21 19:00:00,UPI,SUCCESS
TXN100125,M004,Craftline Traders Pvt Ltd,CUST41531,43253.39,2026-08-10 13:00:00,WALLET,SUCCESS
TXN100126,M003,Nimbus Foods LLP,CUST57265,40030.09,2026-08-03 16:00:00,UPI,SUCCESS
TXN100127,M001,ABC Technologies Pvt Ltd,CUST93318,23732.0,2026-08-16 01:00:00,WALLET,SUCCESS
TXN100128,M006,Sundrop Organics Pvt Ltd,CUST18855,15592.19,2026-08-01 11:00:00,NETBANKING,SUCCESS
TXN100129,M004,CRAFTLINE TRADERS,CUST27486,44109.99,2026-08-21 03:00:00,UPI,SUCCESS
TXN100130,M006,Sundrop Organics Pvt Ltd,CUST99742,32987.82,2026-08-21 05:00:00,WALLET,SUCCESS
TXN100131,M008,Harbor Analytics Pvt Ltd,CUST69988,38088.28,2026-08-05 02:00:00,UPI,SUCCESS
TXN100132,M005,Orbit Mobility Pvt Ltd,CUST51365,12494.66,2026-08-07 01:00:00,NETBANKING,SUCCESS
TXN100133,M007,Velocity Logistics Pvt Ltd,CUST43202,59352.8,2026-08-18 15:00:00,UPI,SUCCESS
TXN100134,M004,Craftline Traders Pvt Ltd,CUST53506,17523.6,2026-08-02 20:00:00,NETBANKING,SUCCESS
TXN100135,M002,Bluewave Retail Pvt Ltd,CUST67637,48060.87,2026-08-14 12:00:00,WALLET,SUCCESS
TXN100136,M006,Sundrop Organics Pvt Ltd,CUST78062,58436.55,2026-08-16 22:00:00,NETBANKING,SUCCESS
TXN100137,M002,Bluewave Retail Pvt Ltd,CUST88964,43761.34,2026-08-03 13:00:00,CARD,SUCCESS
TXN100138,M005,Orbit Mobility Pvt Ltd,CUST96628,19612.08,2026-08-03 10:00:00,NETBANKING,SUCCESS
TXN100139,M005,Orbit Mobility Pvt Ltd,CUST68183,27031.99,2026-08-14 05:00:00,NETBANKING,SUCCESS
TXN100140,M008,Harbor Analytics Pvt Ltd,CUST67008,3020.13,2026-08-12 19:00:00,NETBANKING,SUCCESS
TXN100141,M001,ABC Technologies Pvt Ltd,CUST57619,4964.95,2026-08-21 12:00:00,CARD,SUCCESS
TXN100142,M001,ABC Technologies Pvt Ltd,CUST67432,8995.38,2026-08-20 21:00:00,UPI,SUCCESS
TXN100143,M003,Nimbus Foods LLP,CUST57467,4500.39,2026-08-21 11:00:00,WALLET,SUCCESS
TXN100144,M001,ABC Technologies Pvt Ltd,CUST68188,36503.14,2026-08-15 11:00:00,UPI,SUCCESS
TXN100145,M003,Nimbus Foods LLP,CUST24869,32002.86,2026-08-13 10:00:00,UPI,SUCCESS
TXN100146,M003,Nimbus Foods LLP,CUST25435,30193.12,2026-08-13 17:00:00,NETBANKING,SUCCESS
TXN100147,M005,Orbit Mobility Pvt Ltd,CUST74382,42390.25,2026-08-07 19:00:00,CARD,SUCCESS
TXN100148,M002,Bluewave Retail Pvt Ltd,CUST68341,8575.84,2026-08-03 14:00:00,UPI,SUCCESS
TXN100149,M006,Sundrop Organics Pvt Ltd,CUST30644,40236.47,2026-08-03 17:00:00,CARD,SUCCESS
TXN100150,M006,Sundrop Organics Pvt Ltd,CUST74752,30770.97,2026-08-04 06:00:00,UPI,SUCCESS
TXN100151,M006,Sundrop Organics Pvt Ltd,CUST82305,33464.28,2026-08-12 14:00:00,CARD,SUCCESS
TXN100152,M002,Bluewave Retail Pvt Ltd,CUST72739,4412.01,2026-08-13 22:00:00,WALLET,SUCCESS
TXN100153,M007,Velocity Logistics Pvt Ltd,CUST51553,49488.69,2026-08-03 04:00:00,UPI,SUCCESS
TXN100154,M008,Harbor Analytics Pvt Ltd,CUST26821,28217.08,2026-08-17 11:00:00,CARD,SUCCESS
TXN100155,M003,Nimbus Foods LLP,CUST77908,26240.79,2026-08-02 03:00:00,CARD,SUCCESS
TXN100156,M005,Orbit Mobility Pvt Ltd,CUST39552,10297.1,2026-08-11 22:00:00,NETBANKING,SUCCESS
TXN100157,M005,Orbit Mobility Pvt Ltd,CUST82199,50833.06,2026-08-09 06:00:00,NETBANKING,SUCCESS
TXN100158,M003,Nimbus Foods LLP,CUST22245,37688.83,2026-08-20 17:00:00,CARD,SUCCESS
TXN100159,M003,Nimbus Foods LLP,CUST89316,10686.44,2026-08-20 23:00:00,NETBANKING,SUCCESS
TXN100160,M001,ABC Technologies Pvt Ltd,CUST15958,49601.56,2026-08-01 02:00:00,NETBANKING,SUCCESS
TXN100161,M004,Craftline Traders Pvt Ltd,CUST93753,46134.06,2026-08-14 19:00:00,UPI,SUCCESS
TXN100162,M008,Harbor Analytics Pvt Ltd,CUST73300,53395.31,2026-08-18 09:00:00,CARD,SUCCESS
TXN100163,M007,Velocity Logistics Pvt Ltd,CUST17852,18197.32,2026-08-03 22:00:00,CARD,SUCCESS
TXN100164,M008,Harbor Analytics Pvt Ltd,CUST54589,25229.49,2026-08-15 06:00:00,CARD,SUCCESS
TXN100165,M006,Sundrop Organics Pvt Ltd,CUST55268,51758.36,2026-08-11 23:00:00,WALLET,SUCCESS
TXN100166,M003,Nimbus Foods LLP,CUST23917,45759.57,2026-08-17 17:00:00,NETBANKING,SUCCESS
TXN100167,M004,Craftline Traders Pvt Ltd,CUST42495,28255.12,2026-08-09 14:00:00,CARD,SUCCESS
TXN100168,M002,Bluewave Retail Pvt Ltd,CUST64805,3511.01,2026-08-13 19:00:00,CARD,SUCCESS
TXN100169,M003,Nimbus Foods LLP,CUST50988,48901.93,2026-08-19 23:00:00,CARD,SUCCESS
TXN100170,M003,Nimbus Foods LLP,CUST75373,30146.8,2026-08-17 14:00:00,NETBANKING,SUCCESS
TXN100171,M008,Harbor Analytics Pvt Ltd,CUST38199,1878.99,2026-08-13 16:00:00,NETBANKING,SUCCESS
TXN100172,M001,Abc Technologies P Ltd,CUST98148,3507.15,2026-08-16 19:00:00,WALLET,SUCCESS
TXN100173,M005,Orbit Mobility Pvt Ltd,CUST44664,32433.1,2026-08-04 13:00:00,NETBANKING,SUCCESS
TXN100174,M007,Velocity Logistics Pvt Ltd,CUST84747,22273.27,2026-08-13 01:00:00,CARD,SUCCESS
TXN100175,M006,Sundrop Organics Pvt Ltd,CUST76093,33416.76,2026-08-03 12:00:00,WALLET,SUCCESS
TXN100176,M005,Orbit Mobility Pvt Ltd,CUST90090,49606.02,2026-08-20 21:00:00,UPI,SUCCESS
TXN100177,M003,Nimbus Foods LLP,CUST54444,58517.43,2026-08-13 11:00:00,NETBANKING,SUCCESS
TXN100177,M003,Nimbus Foods LLP,CUST54444,58517.43,2026-08-13 11:00:00,NETBANKING,SUCCESS
TXN100178,M003,Nimbus Foods LLP,CUST15938,12343.94,2026-08-17 12:00:00,UPI,SUCCESS
TXN100179,M003,NIMBUS FOODS,CUST29521,42958.71,2026-08-16 16:00:00,CARD,SUCCESS
TXN100180,M006,Sundrop Organics Pvt Ltd,CUST90805,55916.44,2026-08-11 05:00:00,NETBANKING,SUCCESS
TXN100181,M006,Sundrop Organics Pvt Ltd,CUST74205,30685.24,2026-08-17 17:00:00,NETBANKING,SUCCESS
TXN100182,M008,Harbor Analytics Pvt Ltd,CUST98317,49037.06,2026-08-12 10:00:00,UPI,SUCCESS
TXN100183,M007,Velocity Logistics Pvt Ltd,CUST88238,35230.28,2026-08-21 00:00:00,WALLET,SUCCESS
TXN100184,M005,Orbit Mobility Pvt Ltd,CUST86483,58040.71,2026-08-19 18:00:00,WALLET,SUCCESS
TXN100185,M003,Nimbus Foods LLP,CUST14138,31691.82,2026-08-20 12:00:00,UPI,SUCCESS
TXN100186,M004,Craftline Traders Pvt Ltd,CUST29848,1626.77,2026-08-11 13:00:00,WALLET,SUCCESS
TXN100187,M004,Craftline Traders Pvt Ltd,CUST18163,24917.46,2026-08-20 15:00:00,CARD,SUCCESS
TXN100188,M004,Craftline Traders Pvt Ltd,CUST70249,33872.76,2026-08-16 16:00:00,NETBANKING,SUCCESS
TXN100189,M006,Sundrop Organics Pvt Ltd,CUST73462,40714.18,2026-08-21 22:00:00,CARD,SUCCESS
TXN100190,M004,Craftline Traders Pvt Ltd,CUST49008,17100.88,2026-08-10 07:00:00,NETBANKING,SUCCESS
TXN100191,M004,Craftline Traders Pvt Ltd,CUST55718,41569.27,2026-08-16 10:00:00,NETBANKING,SUCCESS
TXN100192,M005,Orbit Mobility Pvt Ltd,CUST55237,7751.51,2026-08-18 12:00:00,CARD,SUCCESS
TXN100193,M005,Orbit Mobility Pvt Ltd,CUST67983,3002.96,2026-08-03 11:00:00,NETBANKING,SUCCESS
TXN100194,M008,Harbor Analytics Pvt Ltd,CUST83664,13232.22,2026-08-18 08:00:00,NETBANKING,SUCCESS
TXN100195,M003,Nimbus Foods LLP,CUST41779,6998.98,2026-08-19 07:00:00,UPI,SUCCESS
TXN100196,M004,Craftline Traders Pvt Ltd,CUST64172,38457.7,2026-08-02 03:00:00,NETBANKING,SUCCESS
TXN100197,M008,Harbor Analytics Pvt Ltd,CUST82135,6482.42,2026-08-05 00:00:00,CARD,SUCCESS
TXN100198,M007,Velocity Logistics Pvt Ltd,CUST52096,39347.12,2026-08-16 15:00:00,NETBANKING,SUCCESS
TXN100199,M001,ABC Technologies Pvt Ltd,CUST80143,54522.25,2026-08-03 20:00:00,UPI,SUCCESS
TXN100200,M003,Nimbus Foods LLP,CUST74930,25364.16,2026-08-06 01:00:00,CARD,SUCCESS
TXN100201,M005,Orbit Mobility Pvt. Ltd.,CUST53914,52666.22,2026-08-01 09:00:00,NETBANKING,SUCCESS
TXN100202,M008,Harbor Analytics Pvt Ltd,CUST76088,59351.42,2026-08-18 16:00:00,WALLET,SUCCESS
TXN100203,M005,Orbit Mobility Pvt Ltd,CUST31298,11972.28,2026-08-04 10:00:00,WALLET,SUCCESS
TXN100204,M005,Orbit Mobility Pvt Ltd,CUST54185,43256.59,2026-08-01 23:00:00,NETBANKING,SUCCESS
TXN100205,M004,Craftline Traders Pvt Ltd,CUST66059,10941.95,2026-08-21 12:00:00,NETBANKING,SUCCESS
TXN100206,M002,Bluewave Retail Pvt Ltd,CUST28430,24349.58,2026-08-04 05:00:00,WALLET,SUCCESS
TXN100207,M006,Sundrop Organics Pvt Ltd,CUST60275,56181.61,2026-08-01 08:00:00,CARD,SUCCESS
TXN100208,M008,Harbor Analytics Pvt Ltd,CUST86344,45348.52,2026-08-11 09:00:00,UPI,SUCCESS
TXN100209,M005,Orbit Mobility Pvt Ltd,CUST97528,39394.16,2026-08-08 01:00:00,UPI,SUCCESS
TXN100210,M008,Harbor Analytics Pvt Ltd,CUST50760,18754.98,2026-08-13 21:00:00,UPI,SUCCESS
TXN100211,M005,Orbit Mobility Pvt Ltd,CUST27507,22368.86,2026-08-08 07:00:00,WALLET,SUCCESS
TXN100212,M003,Nimbus Foods LLP,CUST80453,27571.23,2026-08-20 11:00:00,CARD,SUCCESS
TXN100213,M004,Craftline Traders Pvt Ltd,CUST20237,40980.34,2026-08-20 02:00:00,UPI,SUCCESS
TXN100214,M001,ABC Technologies Pvt Ltd,CUST85065,49812.06,2026-08-17 06:00:00,CARD,SUCCESS
TXN100215,M003,Nimbus Foods LLP,CUST25235,20023.0,2026-08-17 14:00:00,CARD,SUCCESS
TXN100216,M008,Harbor Analytics Pvt Ltd,CUST17292,5911.03,2026-08-17 14:00:00,WALLET,SUCCESS
TXN100217,M003,Nimbus Foods LLP,CUST17567,31038.25,2026-08-15 18:00:00,WALLET,SUCCESS
TXN100218,M005,Orbit Mobility Pvt Ltd,CUST10395,43535.16,2026-08-13 08:00:00,CARD,SUCCESS
TXN100219,M002,Bluewave Retail Pvt Ltd,CUST18357,3194.74,2026-08-12 22:00:00,UPI,SUCCESS
TXN100220,M002,Bluewave Retail Pvt Ltd,CUST47629,59175.17,2026-08-16 01:00:00,WALLET,SUCCESS
TXN100221,M003,Nimbus Foods LLP,CUST59081,46253.84,2026-08-21 23:00:00,WALLET,SUCCESS
TXN100222,M008,Harbor Analytics Pvt Ltd,CUST20518,52242.41,2026-08-13 12:00:00,CARD,SUCCESS
TXN100223,M006,Sundrop Organics Pvt Ltd,CUST79316,7558.67,2026-08-18 12:00:00,CARD,SUCCESS
TXN100224,M004,Craftline Traders Pvt Ltd,CUST70686,50171.89,2026-08-01 09:00:00,WALLET,SUCCESS
TXN100225,M007,Velocity Logistics Pvt Ltd,CUST55371,49489.95,2026-08-08 14:00:00,CARD,SUCCESS
TXN100226,M005,Orbit Mobility Pvt Ltd,CUST96533,11714.59,2026-08-04 01:00:00,WALLET,SUCCESS
TXN100227,M001,ABC Technologies Pvt Ltd,CUST87849,14819.64,2026-08-03 03:00:00,UPI,SUCCESS
TXN100228,M008,Harbor Analytics Pvt Ltd,CUST15798,36068.2,2026-08-02 07:00:00,WALLET,SUCCESS
TXN100229,M008,Harbor Analytics Pvt Ltd,CUST40692,14443.19,2026-08-07 01:00:00,NETBANKING,SUCCESS
TXN100230,M006,Sundrop Organics Pvt Ltd,CUST78321,14595.79,2026-08-05 21:00:00,CARD,SUCCESS
TXN100231,M007,Velocity Logistics Pvt Ltd,CUST92050,18379.81,2026-08-02 17:00:00,WALLET,SUCCESS
TXN100232,M008,HARBOR ANALYTICS,CUST78742,3289.6,2026-08-12 20:00:00,NETBANKING,SUCCESS
TXN100233,M007,Velocity Logistics Pvt Ltd,CUST34101,24791.42,2026-08-10 12:00:00,WALLET,SUCCESS
TXN100234,M004,Craftline Traders Pvt Ltd,CUST28920,51035.79,2026-08-10 22:00:00,WALLET,SUCCESS
TXN100235,M001,ABC Technologies Pvt Ltd,CUST79467,33961.96,2026-08-14 17:00:00,CARD,SUCCESS
TXN100236,M007,Velocity Logistics Pvt. Ltd.,CUST68954,14950.08,2026-08-07 10:00:00,NETBANKING,SUCCESS
TXN100237,M002,Bluewave Retail Pvt Ltd,CUST19539,32370.31,2026-08-07 01:00:00,CARD,SUCCESS
TXN100238,M004,Craftline Traders Pvt Ltd,CUST12009,29023.96,2026-08-11 09:00:00,CARD,SUCCESS
TXN100239,M004,CRAFTLINE TRADERS,CUST41797,57743.61,2026-08-04 23:00:00,CARD,SUCCESS
TXN100240,M007,Velocity Logistics Pvt Ltd,CUST47101,54950.02,2026-08-18 10:00:00,WALLET,SUCCESS
TXN100241,M008,Harbor Analytics Pvt Ltd,CUST71080,32252.18,2026-08-12 09:00:00,UPI,SUCCESS
TXN100242,M008,Harbor Analytics Pvt Ltd,CUST58589,45816.92,2026-08-11 06:00:00,NETBANKING,SUCCESS
TXN100243,M007,Velocity Logistics Pvt Ltd,CUST29126,3220.07,2026-08-08 23:00:00,UPI,SUCCESS
TXN100244,M005,Orbit Mobility Pvt Ltd,CUST64732,33422.04,2026-08-19 18:00:00,NETBANKING,SUCCESS
TXN100245,M003,Nimbus Foods LLP,CUST84683,12173.41,2026-08-08 12:00:00,CARD,SUCCESS
TXN100246,M008,Harbor Analytics Pvt Ltd,CUST74044,33263.23,2026-08-11 08:00:00,WALLET,SUCCESS
TXN100247,M008,Harbor Analytics Pvt Ltd,CUST34123,10509.9,2026-08-12 05:00:00,UPI,SUCCESS
TXN100248,M001,ABC Technologies Pvt Ltd,CUST16358,50424.58,2026-08-03 21:00:00,UPI,SUCCESS
TXN100249,M007,Velocity Logistics Pvt. Ltd.,CUST29795,8680.75,2026-08-21 07:00:00,UPI,SUCCESS
TXN100250,M004,Craftline Traders Pvt Ltd,CUST90980,30591.11,2026-08-12 01:00:00,WALLET,SUCCESS
TXN100251,M008,Harbor Analytics Pvt Ltd,CUST63914,1436.04,2026-08-18 17:00:00,UPI,SUCCESS
TXN100251,M008,Harbor Analytics Pvt Ltd,CUST63914,1436.04,2026-08-18 17:00:00,UPI,SUCCESS
TXN100252,M001,ABC Technologies Pvt Ltd,CUST47576,32000.35,2026-08-09 17:00:00,UPI,SUCCESS
TXN100253,M007,Velocity Logistics Pvt Ltd,CUST22624,48466.98,2026-08-06 03:00:00,CARD,SUCCESS
TXN100254,M004,Craftline Traders Pvt Ltd,CUST56457,11919.96,2026-08-17 08:00:00,NETBANKING,SUCCESS
TXN100255,M007,Velocity Logistics Pvt Ltd,CUST84055,5201.65,2026-08-13 14:00:00,CARD,SUCCESS
TXN100256,M004,Craftline Traders Pvt Ltd,CUST22255,18348.49,2026-08-03 20:00:00,WALLET,SUCCESS
TXN100257,M007,Velocity Logistics Pvt Ltd,CUST93459,22941.59,2026-08-16 01:00:00,UPI,SUCCESS
TXN100258,M003,Nimbus Foods LLP,CUST79226,5419.82,2026-08-14 20:00:00,UPI,SUCCESS
TXN100259,M004,Craftline Traders Pvt Ltd,CUST45532,13079.31,2026-08-19 15:00:00,UPI,SUCCESS
TXN100260,M002,Bluewave Retail Pvt Ltd,CUST83860,41223.51,2026-08-09 17:00:00,UPI,SUCCESS
TXN100260,M002,Bluewave Retail Pvt Ltd,CUST83860,41223.51,2026-08-09 17:00:00,UPI,SUCCESS
TXN100261,M003,Nimbus Foods LLP,CUST37152,55761.6,2026-08-11 00:00:00,CARD,SUCCESS
TXN100262,M007,Velocity Logistics Pvt Ltd,CUST83919,55768.06,2026-08-10 05:00:00,CARD,SUCCESS
TXN100263,M007,Velocity Logistics Pvt Ltd,CUST20279,40783.58,2026-08-18 10:00:00,NETBANKING,SUCCESS
TXN100264,M001,ABC Technologies Pvt Ltd,CUST54642,6312.3,2026-08-08 02:00:00,WALLET,SUCCESS
TXN100264,M001,ABC Technologies Pvt Ltd,CUST54642,6312.3,2026-08-08 02:00:00,WALLET,SUCCESS
TXN100265,M006,Sundrop Organics Pvt Ltd,CUST82487,2262.73,2026-08-09 14:00:00,WALLET,SUCCESS
TXN100266,M007,Velocity Logistics Pvt Ltd,CUST59816,11551.4,2026-08-19 21:00:00,UPI,SUCCESS
TXN100267,M005,Orbit Mobility Pvt Ltd,CUST45123,47984.28,2026-08-03 02:00:00,CARD,SUCCESS
TXN100268,M007,Velocity Logistics Pvt Ltd,CUST61068,42844.79,2026-08-21 04:00:00,NETBANKING,SUCCESS
TXN100269,M006,Sundrop Organics Pvt Ltd,CUST68292,6839.78,2026-08-01 09:00:00,NETBANKING,SUCCESS
TXN100270,M005,Orbit Mobility Pvt Ltd,CUST66489,6582.77,2026-08-03 05:00:00,WALLET,SUCCESS
TXN100271,M007,Velocity Logistics Pvt Ltd,CUST82642,6645.93,2026-08-03 11:00:00,UPI,SUCCESS
TXN100272,M006,Sundrop Organics Pvt Ltd,CUST60829,51891.23,2026-08-01 09:00:00,UPI,SUCCESS
TXN100273,M004,Craftline Traders Pvt Ltd,CUST59903,34531.65,2026-08-06 21:00:00,CARD,SUCCESS
TXN100274,M003,Nimbus Foods LLP,CUST29127,16500.68,2026-08-09 15:00:00,UPI,SUCCESS
TXN100275,M003,Nimbus Foods LLP,CUST73469,26363.24,2026-08-14 09:00:00,UPI,SUCCESS
TXN100276,M006,Sundrop Organics Pvt Ltd,CUST91924,15476.13,2026-08-08 23:00:00,WALLET,SUCCESS
TXN100277,M004,Craftline Traders Pvt Ltd,CUST61864,27742.77,2026-08-05 09:00:00,NETBANKING,SUCCESS
TXN100278,M007,Velocity Logistics Pvt Ltd,CUST53874,48342.55,2026-08-11 14:00:00,WALLET,SUCCESS
TXN100279,M003,Nimbus Foods L.L.P.,CUST72784,18375.9,2026-08-20 22:00:00,NETBANKING,SUCCESS
TXN100280,M003,Nimbus Foods LLP,CUST92955,57892.19,2026-08-11 09:00:00,WALLET,SUCCESS
TXN100281,M004,CRAFTLINE TRADERS,CUST24927,19890.23,2026-08-09 12:00:00,CARD,SUCCESS
TXN100282,M003,Nimbus Food LLP,CUST70505,41061.9,2026-08-18 00:00:00,CARD,SUCCESS
TXN100283,M008,Harbor Analytics Pvt Ltd,CUST98208,47962.29,2026-08-03 13:00:00,WALLET,SUCCESS
TXN100284,M003,Nimbus Foods LLP,CUST96332,38183.49,2026-08-08 08:00:00,CARD,SUCCESS
TXN100285,M007,Velocity Logistics Pvt Ltd,CUST88372,47450.07,2026-08-03 14:00:00,WALLET,SUCCESS
TXN100286,M007,Velocity Logistics Pvt Ltd,CUST80373,32294.86,2026-08-14 17:00:00,UPI,SUCCESS
TXN100287,M002,Bluewave Retail Pvt Ltd,CUST15806,46252.77,2026-08-12 05:00:00,WALLET,SUCCESS
TXN100288,M006,Sundrop Organics Pvt Ltd,CUST11382,57960.15,2026-08-14 03:00:00,UPI,SUCCESS
TXN100289,M005,Orbit Mobility Pvt Ltd,CUST85397,13709.06,2026-08-17 17:00:00,CARD,SUCCESS
TXN100290,M008,Harbor Analytics Pvt Ltd,CUST87147,22760.11,2026-08-15 21:00:00,CARD,SUCCESS
TXN100291,M006,Sundrop Organics Pvt Ltd,CUST48722,59863.31,2026-08-16 03:00:00,WALLET,SUCCESS
TXN100292,M002,Bluewave Retail Pvt Ltd,CUST50880,7406.13,2026-08-05 11:00:00,NETBANKING,SUCCESS
TXN100293,M008,HARBOR ANALYTICS,CUST72411,47164.06,2026-08-17 15:00:00,UPI,SUCCESS
TXN100294,M008,Harbor Analytics Pvt Ltd,CUST25084,43458.64,2026-08-15 10:00:00,UPI,SUCCESS
TXN100295,M006,Sundrop Organics Pvt Ltd,CUST41970,39054.21,2026-08-06 23:00:00,CARD,SUCCESS
TXN100296,M003,Nimbus Foods LLP,CUST40389,20193.88,2026-08-14 14:00:00,WALLET,SUCCESS
TXN100297,M003,Nimbus Foods LLP,CUST13826,11590.02,2026-08-14 12:00:00,CARD,SUCCESS
TXN100297,M003,Nimbus Foods LLP,CUST13826,11590.02,2026-08-14 12:00:00,CARD,SUCCESS
TXN100298,M008,Harbor Analytics Pvt Ltd,CUST46483,35736.09,2026-08-13 00:00:00,UPI,SUCCESS
TXN100299,M002,Bluewave Retail Pvt Ltd,CUST35830,48070.39,2026-08-18 05:00:00,WALLET,SUCCESS
TXN100300,M002,Bluewave Retail Pvt Ltd,CUST93769,16110.03,2026-08-16 16:00:00,NETBANKING,SUCCESS
TXN100301,M007,Velocity Logistics Pvt Ltd,CUST55603,36872.85,2026-08-19 03:00:00,NETBANKING,SUCCESS
TXN100302,M008,Harbor Analytics Pvt Ltd,CUST21108,37233.08,2026-08-10 19:00:00,CARD,SUCCESS
TXN100303,M006,Sundrop Organics Pvt Ltd,CUST33992,7512.77,2026-08-10 03:00:00,NETBANKING,SUCCESS
TXN100304,M003,Nimbus Foods LLP,CUST65448,30894.08,2026-08-14 19:00:00,CARD,SUCCESS
TXN100305,M008,Harbor Analytics Pvt Ltd,CUST82733,38312.35,2026-08-21 05:00:00,CARD,SUCCESS
TXN100306,M008,Harbor Analytics Pvt Ltd,CUST69113,17685.67,2026-08-06 10:00:00,UPI,SUCCESS
TXN100307,M006,Sundrop Organics Pvt Ltd,CUST35575,57134.6,2026-08-16 04:00:00,WALLET,SUCCESS
TXN100308,M008,Harbor Analytics Pvt Ltd,CUST74054,24843.49,2026-08-16 13:00:00,CARD,SUCCESS
TXN100309,M002,Bluewave Retail Pvt Ltd,CUST14285,34141.17,2026-08-08 09:00:00,NETBANKING,SUCCESS
TXN100310,M004,Craftline Traders Pvt Ltd,CUST84140,32487.71,2026-08-06 14:00:00,WALLET,SUCCESS
TXN100311,M002,BLUEWAVE RETAIL,CUST81046,34576.49,2026-08-09 17:00:00,UPI,SUCCESS
TXN100312,M008,Harbor Analytics Pvt Ltd,CUST95678,33008.02,2026-08-14 03:00:00,CARD,SUCCESS
TXN100313,M005,Orbit Mobility Pvt Ltd,CUST67549,52551.19,2026-08-02 14:00:00,UPI,SUCCESS
TXN100314,M004,Craftline Traders Pvt Ltd,CUST55957,12987.75,2026-08-19 22:00:00,WALLET,SUCCESS
TXN100315,M003,Nimbus Foods LLP,CUST17780,37161.0,2026-08-07 06:00:00,NETBANKING,SUCCESS
TXN100316,M005,ORBIT MOBILITY,CUST47923,36013.03,2026-08-06 10:00:00,NETBANKING,SUCCESS
TXN100317,M002,Bluewave Retail Pvt Ltd,CUST27392,8567.54,2026-08-14 01:00:00,CARD,SUCCESS
TXN100318,M003,NIMBUS FOODS,CUST74154,42827.99,2026-08-08 21:00:00,CARD,SUCCESS
TXN100319,M005,Orbit Mobility Pvt Ltd,CUST19898,37854.86,2026-08-13 14:00:00,UPI,SUCCESS
TXN100320,M007,Velocity Logistics Pvt Ltd,CUST58374,31179.0,2026-08-09 22:00:00,WALLET,SUCCESS
TXN100321,M008,Harbor Analytics Pvt Ltd,CUST22208,19973.71,2026-08-01 23:00:00,WALLET,SUCCESS
TXN100322,M006,Sundrop Organics Pvt Ltd,CUST38551,51081.32,2026-08-18 12:00:00,WALLET,SUCCESS
TXN100323,M004,Craftline Traders Pvt Ltd,CUST54270,29935.54,2026-08-11 09:00:00,CARD,SUCCESS
TXN100324,M008,Harbor Analytics Pvt Ltd,CUST12134,47404.07,2026-08-02 01:00:00,UPI,SUCCESS
TXN100325,M003,Nimbus Foods LLP,CUST27290,26756.51,2026-08-01 13:00:00,NETBANKING,SUCCESS
TXN100326,M003,Nimbus Foods LLP,CUST95798,52528.19,2026-08-09 02:00:00,NETBANKING,SUCCESS
TXN100327,M005,Orbit Mobility Pvt Ltd,CUST91999,5404.02,2026-08-21 05:00:00,NETBANKING,SUCCESS
TXN100328,M004,Craftline Traders Pvt Ltd,CUST22475,26039.24,2026-08-03 22:00:00,UPI,SUCCESS
TXN100328,M004,Craftline Traders Pvt Ltd,CUST22475,26039.24,2026-08-03 22:00:00,UPI,SUCCESS
TXN100329,M004,Craftline Traders Pvt Ltd,CUST99126,28870.0,2026-08-05 18:00:00,WALLET,SUCCESS
TXN100330,M001,ABC Technologies Pvt Ltd,CUST65353,979.72,2026-08-11 03:00:00,CARD,SUCCESS
TXN100330,M001,ABC Technologies Pvt Ltd,CUST65353,979.72,2026-08-11 03:00:00,CARD,SUCCESS
TXN100331,M008,Harbor Analytics Pvt Ltd,CUST23425,4714.28,2026-08-13 02:00:00,UPI,SUCCESS
TXN100332,M006,Sundrop Organics Pvt Ltd,CUST60164,22369.92,2026-08-10 04:00:00,CARD,SUCCESS
TXN100333,M003,Nimbus Foods LLP,CUST95199,4570.49,2026-08-19 00:00:00,CARD,SUCCESS
TXN100334,M008,Harbor Analytics Pvt Ltd,CUST63963,21395.67,2026-08-07 20:00:00,WALLET,SUCCESS
TXN100335,M004,Craftline Traders Pvt Ltd,CUST26142,5657.94,2026-08-04 04:00:00,WALLET,SUCCESS
TXN100336,M006,Sundrop Organics Pvt Ltd,CUST42477,57813.3,2026-08-11 04:00:00,NETBANKING,SUCCESS
TXN100337,M002,Bluewave Retail Pvt Ltd,CUST89638,15265.94,2026-08-20 19:00:00,NETBANKING,SUCCESS
TXN100338,M001,ABC Technologies Pvt Ltd,CUST77862,50949.58,2026-08-10 06:00:00,CARD,SUCCESS
TXN100339,M007,Velocity Logistics Pvt Ltd,CUST74865,18084.75,2026-08-02 07:00:00,WALLET,SUCCESS
TXN100340,M002,Bluewave Retail Pvt Ltd,CUST19307,14844.36,2026-08-21 19:00:00,UPI,SUCCESS
TXN100341,M006,Sundrop Organics Pvt Ltd,CUST84498,56068.5,2026-08-05 12:00:00,WALLET,SUCCESS
TXN100342,M006,Sundrop Organics Pvt Ltd,CUST19567,33008.2,2026-08-06 15:00:00,UPI,SUCCESS
TXN100342,M006,Sundrop Organics Pvt Ltd,CUST19567,33008.2,2026-08-06 15:00:00,UPI,SUCCESS
TXN100343,M002,Bluewave Retail Pvt Ltd,CUST17925,1320.71,2026-08-07 01:00:00,WALLET,SUCCESS
TXN100344,M005,Orbit Mobility Pvt Ltd,CUST65518,37899.96,2026-08-17 13:00:00,WALLET,SUCCESS
TXN100345,M002,Bluewave Retail Pvt Ltd,CUST30012,38611.97,2026-08-18 19:00:00,NETBANKING,SUCCESS
TXN100346,M002,Bluewave Retail Pvt Ltd,CUST30365,18939.46,2026-08-17 06:00:00,NETBANKING,SUCCESS
TXN100347,M007,Velocity Logistics Pvt Ltd,CUST94299,35393.01,2026-08-21 21:00:00,UPI,SUCCESS
TXN100348,M005,Orbit Mobility Pvt Ltd,CUST42044,42071.21,2026-08-08 01:00:00,UPI,SUCCESS
TXN100349,M007,Velocity Logistics Pvt. Ltd.,CUST50539,7401.2,2026-08-20 19:00:00,CARD,SUCCESS
TXN100350,M002,Bluewave Retail Pvt Ltd,CUST11487,1253.57,2026-08-05 22:00:00,CARD,SUCCESS
TXN100351,M008,Harbor Analytics Pvt Ltd,CUST43980,57204.46,2026-08-17 16:00:00,CARD,SUCCESS
TXN100352,M006,Sundrop Organics Pvt Ltd,CUST25473,8052.37,2026-08-09 23:00:00,UPI,SUCCESS
TXN100353,M006,Sundrop Organics Pvt. Ltd.,CUST44465,48522.92,2026-08-09 16:00:00,UPI,SUCCESS
TXN100354,M008,Harbor Analytics Pvt Ltd,CUST84302,27584.27,2026-08-12 01:00:00,CARD,SUCCESS
TXN100355,M006,Sundrop Organics Pvt Ltd,CUST39937,9859.94,2026-08-04 18:00:00,UPI,SUCCESS
TXN100356,M001,ABC Technologies Pvt Ltd,CUST16026,51592.0,2026-08-01 07:00:00,WALLET,SUCCESS
TXN100357,M006,Sundrop Organics Pvt Ltd,CUST14635,23287.28,2026-08-05 05:00:00,WALLET,SUCCESS
TXN100358,M004,Craftline Traders Pvt Ltd,CUST51934,19647.22,2026-08-14 23:00:00,NETBANKING,SUCCESS
TXN100359,M002,Bluewave Retail Pvt Ltd,CUST98254,34506.39,2026-08-04 16:00:00,UPI,SUCCESS
TXN100360,M003,Nimbus Foods LLP,CUST62550,13779.51,2026-08-17 01:00:00,UPI,SUCCESS
TXN100361,M008,Harbor Analytics Pvt Ltd,CUST11044,52028.92,2026-08-10 10:00:00,NETBANKING,SUCCESS
TXN100362,M004,Craftline Traders Pvt Ltd,CUST91620,17849.91,2026-08-10 23:00:00,CARD,SUCCESS
TXN100363,M008,Harbor Analytics Pvt Ltd,CUST81638,22412.28,2026-08-16 06:00:00,CARD,SUCCESS
TXN100364,M003,Nimbus Foods LLP,CUST55406,879.48,2026-08-14 00:00:00,UPI,SUCCESS
TXN100365,M006,Sundrop Organics Pvt Ltd,CUST50306,586.99,2026-08-13 23:00:00,UPI,SUCCESS
TXN100365,M006,Sundrop Organics Pvt Ltd,CUST50306,586.99,2026-08-13 23:00:00,UPI,SUCCESS
TXN100366,M004,Craftline Traders Pvt Ltd,CUST74491,32023.96,2026-08-08 13:00:00,UPI,SUCCESS
TXN100367,M003,Nimbus Foods LLP,CUST40339,42843.32,2026-08-03 01:00:00,WALLET,SUCCESS
TXN100368,M006,Sundrop Organics Pvt Ltd,CUST22527,27778.25,2026-08-03 18:00:00,CARD,SUCCESS
TXN100369,M007,Velocity Logistics Pvt Ltd,CUST27132,4952.41,2026-08-19 01:00:00,CARD,SUCCESS
TXN100370,M005,Orbit Mobility Pvt Ltd,CUST52762,16028.96,2026-08-11 12:00:00,NETBANKING,SUCCESS
TXN100371,M008,Harbor Analytics Pvt Ltd,CUST27840,16681.37,2026-08-03 06:00:00,UPI,SUCCESS
TXN100372,M003,Nimbus Foods LLP,CUST63282,6786.64,2026-08-15 14:00:00,UPI,SUCCESS
TXN100373,M006,Sundrop Organics Pvt Ltd,CUST50410,57895.77,2026-08-07 14:00:00,WALLET,SUCCESS
TXN100374,M005,Orbit Mobility Pvt Ltd,CUST89076,51222.69,2026-08-03 05:00:00,UPI,SUCCESS
TXN100375,M004,Craftline Traders Pvt. Ltd.,CUST42534,50237.52,2026-08-11 04:00:00,NETBANKING,SUCCESS
TXN100376,M007,Velocity Logistics Pvt Ltd,CUST32789,31050.85,2026-08-10 08:00:00,UPI,SUCCESS
TXN100377,M007,Velocity Logistics Pvt Ltd,CUST82105,51348.78,2026-08-18 23:00:00,CARD,SUCCESS
TXN100378,M002,Bluewave Retail Pvt Ltd,CUST11567,27991.57,2026-08-05 03:00:00,UPI,SUCCESS
TXN100379,M004,Craftline Traders Pvt Ltd,CUST99952,8277.56,2026-08-13 11:00:00,UPI,SUCCESS
TXN100380,M005,Orbit Mobility Pvt. Ltd.,CUST35919,55087.0,2026-08-03 00:00:00,WALLET,SUCCESS
TXN100381,M003,Nimbus Foods LLP,CUST70423,5972.73,2026-08-11 03:00:00,UPI,SUCCESS
TXN100382,M003,Nimbus Foods LLP,CUST61773,55485.84,2026-08-14 23:00:00,WALLET,SUCCESS
TXN100383,M001,ABC Technologies Pvt Ltd,CUST56392,23272.4,2026-08-14 05:00:00,CARD,SUCCESS
TXN100384,M003,Nimbus Foods LLP,CUST94840,16861.42,2026-08-15 04:00:00,NETBANKING,SUCCESS
TXN100385,M008,Harbor Analytics Pvt Ltd,CUST21497,25013.54,2026-08-18 15:00:00,NETBANKING,SUCCESS
TXN100386,M007,Velocity Logistics Pvt Ltd,CUST78919,8665.54,2026-08-07 20:00:00,CARD,SUCCESS
TXN100386,M007,Velocity Logistics Pvt Ltd,CUST78919,8665.54,2026-08-07 20:00:00,CARD,SUCCESS
TXN100387,M001,ABC Technologies Pvt Ltd,CUST81371,59369.52,2026-08-12 15:00:00,WALLET,SUCCESS
TXN100388,M006,Sundrop Organics Pvt Ltd,CUST60905,54804.28,2026-08-17 10:00:00,NETBANKING,SUCCESS
TXN100389,M003,Nimbus Foods LLP,CUST13840,2050.75,2026-08-20 07:00:00,NETBANKING,SUCCESS
TXN100390,M001,ABC Technologies Pvt Ltd,CUST56849,48614.91,2026-08-16 16:00:00,CARD,SUCCESS
TXN100391,M003,Nimbus Foods LLP,CUST79951,6457.99,2026-08-08 08:00:00,UPI,SUCCESS
TXN100392,M004,Craftline Traders Pvt Ltd,CUST33081,34753.68,2026-08-13 11:00:00,CARD,SUCCESS
TXN100393,M006,Sundrop Organics Pvt Ltd,CUST84403,48469.51,2026-08-12 18:00:00,CARD,SUCCESS
TXN100394,M004,Craftline Traders Pvt Ltd,CUST50508,50283.46,2026-08-16 17:00:00,CARD,SUCCESS
TXN100395,M008,Harbor Analytics Pvt Ltd,CUST79002,2758.84,2026-08-02 07:00:00,WALLET,SUCCESS
TXN100396,M001,ABC Technologies Pvt Ltd,CUST54663,20238.17,2026-08-20 06:00:00,CARD,SUCCESS
TXN100397,M006,Sundrop Organics Pvt Ltd,CUST24538,4043.58,2026-08-05 18:00:00,NETBANKING,SUCCESS
TXN100398,M002,Bluewave Retail Pvt Ltd,CUST23242,22728.65,2026-08-13 18:00:00,NETBANKING,SUCCESS
TXN100399,M005,Orbit Mobility Pvt Ltd,CUST67261,19694.89,2026-08-06 23:00:00,WALLET,SUCCESS
TXN100400,M006,Sundrop Organics Pvt Ltd,CUST90440,10865.06,2026-08-18 22:00:00,NETBANKING,SUCCESS
TXN100401,M004,Craftline Traders Pvt Ltd,CUST50215,40099.13,2026-08-06 12:00:00,NETBANKING,SUCCESS
TXN100402,M003,Nimbus Foods LLP,CUST85082,11073.64,2026-08-01 22:00:00,WALLET,SUCCESS
TXN100403,M001,ABC Technologies Pvt Ltd,CUST38953,11333.86,2026-08-11 19:00:00,UPI,SUCCESS
TXN100403,M001,ABC Technologies Pvt Ltd,CUST38953,11333.86,2026-08-11 19:00:00,UPI,SUCCESS
TXN100404,M008,Harbor Analytics Pvt Ltd,CUST55457,8868.28,2026-08-03 07:00:00,NETBANKING,SUCCESS
TXN100405,M003,Nimbus Foods LLP,CUST97821,38353.11,2026-08-03 22:00:00,NETBANKING,SUCCESS
TXN100406,M008,Harbor Analytics Pvt Ltd,CUST18885,1178.04,2026-08-07 07:00:00,NETBANKING,SUCCESS
TXN100407,M005,Orbit Mobility Pvt Ltd,CUST60585,47327.69,2026-08-01 01:00:00,WALLET,SUCCESS
TXN100408,M007,Velocity Logistics Pvt Ltd,CUST59638,58161.56,2026-08-14 15:00:00,NETBANKING,SUCCESS
TXN100409,M007,Velocity Logistics Pvt Ltd,CUST95323,6535.0,2026-08-16 18:00:00,CARD,SUCCESS
TXN100410,M003,Nimbus Foods LLP,CUST12631,27351.6,2026-08-02 09:00:00,NETBANKING,SUCCESS
TXN100411,M005,Orbit Mobility Pvt Ltd,CUST32296,57123.9,2026-08-03 10:00:00,WALLET,SUCCESS
TXN100412,M003,Nimbus Foods LLP,CUST54295,44053.11,2026-08-18 02:00:00,WALLET,SUCCESS
TXN100413,M001,ABC Technologies Pvt Ltd,CUST89602,26163.74,2026-08-21 05:00:00,WALLET,SUCCESS
TXN100414,M003,Nimbus Foods LLP,CUST63645,3686.57,2026-08-11 06:00:00,NETBANKING,SUCCESS
TXN100415,M005,Orbit Mobility Pvt Ltd,CUST84943,18195.34,2026-08-04 01:00:00,WALLET,SUCCESS
TXN100416,M003,Nimbus Foods LLP,CUST21485,3743.04,2026-08-01 13:00:00,NETBANKING,SUCCESS
TXN100417,M008,Harbor Analytics Pvt Ltd,CUST48248,12380.65,2026-08-01 06:00:00,UPI,SUCCESS
TXN100418,M008,Harbor Analytics Pvt Ltd,CUST96643,50704.26,2026-08-10 12:00:00,NETBANKING,SUCCESS
TXN100419,M002,Bluewave Retail Pvt Ltd,CUST58630,38691.05,2026-08-13 05:00:00,WALLET,SUCCESS
TXN100420,M006,Sundrop Organics Pvt Ltd,CUST67637,11601.68,2026-08-02 08:00:00,WALLET,SUCCESS
TXN100421,M005,Orbit Mobility Pvt Ltd,CUST18079,13961.42,2026-08-09 18:00:00,CARD,SUCCESS
TXN100422,M002,Bluewave Retail Pvt Ltd,CUST64262,5599.59,2026-08-12 17:00:00,CARD,SUCCESS
TXN100423,M001,ABC Technologies Pvt Ltd,CUST72236,50527.43,2026-08-17 13:00:00,CARD,SUCCESS
TXN100424,M008,Harbor Analytics Pvt Ltd,CUST75811,18281.7,2026-08-13 22:00:00,CARD,SUCCESS
TXN100425,M002,Bluewave Retail Pvt Ltd,CUST37772,56980.66,2026-08-15 05:00:00,CARD,SUCCESS
TXN100426,M003,Nimbus Foods LLP,CUST67067,3039.22,2026-08-03 21:00:00,CARD,SUCCESS
TXN100427,M003,Nimbus Foods LLP,CUST18783,50129.43,2026-08-09 10:00:00,UPI,SUCCESS
TXN100428,M007,Velocity Logistics Pvt Ltd,CUST11620,33603.67,2026-08-18 10:00:00,WALLET,SUCCESS
TXN100429,M002,Bluewave Retail Pvt Ltd,CUST87061,25159.32,2026-08-05 18:00:00,UPI,SUCCESS
TXN100430,M002,Bluewave Retail Pvt Ltd,CUST80206,33979.68,2026-08-04 09:00:00,NETBANKING,SUCCESS
TXN100431,M007,Velocity Logistics Pvt Ltd,CUST72003,16216.13,2026-08-21 15:00:00,UPI,SUCCESS
TXN100432,M003,Nimbus Foods LLP,CUST89777,16887.14,2026-08-05 19:00:00,WALLET,SUCCESS
TXN100433,M001,ABC Technologies Pvt Ltd,CUST41139,24049.67,2026-08-11 22:00:00,UPI,SUCCESS
TXN100434,M008,Harbor Analytics Pvt Ltd,CUST54284,55289.68,2026-08-12 00:00:00,NETBANKING,SUCCESS
TXN100435,M005,Orbit Mobility Pvt Ltd,CUST39878,17180.63,2026-08-16 22:00:00,CARD,SUCCESS
TXN100436,M005,Orbit Mobility Pvt Ltd,CUST64627,58466.06,2026-08-15 10:00:00,UPI,SUCCESS
TXN100437,M004,Craftline Traders Pvt Ltd,CUST73499,26782.14,2026-08-14 23:00:00,NETBANKING,SUCCESS
TXN100438,M001,ABC Technologies Pvt Ltd,CUST50779,31158.55,2026-08-06 02:00:00,WALLET,SUCCESS
TXN100439,M003,Nimbus Foods LLP,CUST13794,46940.73,2026-08-17 18:00:00,CARD,SUCCESS
TXN100440,M004,Craftline Traders Pvt Ltd,CUST42701,52573.24,2026-08-07 01:00:00,UPI,SUCCESS
TXN100441,M008,Harbor Analytics Pvt Ltd,CUST36097,3508.28,2026-08-12 22:00:00,NETBANKING,SUCCESS
TXN100442,M006,Sundrop Organics Pvt Ltd,CUST26236,49498.62,2026-08-17 12:00:00,UPI,SUCCESS
TXN100443,M004,Craftline Traders Pvt Ltd,CUST33276,22661.77,2026-08-20 14:00:00,WALLET,SUCCESS
TXN100444,M006,Sundrop Organics Pvt. Ltd.,CUST47364,20982.82,2026-08-09 23:00:00,UPI,SUCCESS
TXN100445,M007,Velocity Logistics Pvt Ltd,CUST39012,3454.24,2026-08-19 06:00:00,CARD,SUCCESS
TXN100446,M004,Craftline Traders Pvt Ltd,CUST99417,16510.47,2026-08-14 16:00:00,UPI,SUCCESS
TXN100447,M008,Harbor Analytics Pvt Ltd,CUST39329,54735.17,2026-08-21 05:00:00,NETBANKING,SUCCESS
TXN100448,M005,Orbit Mobility Pvt Ltd,CUST65549,42908.06,2026-08-21 08:00:00,WALLET,SUCCESS
TXN100449,M006,Sundrop Organics Pvt Ltd,CUST78241,27810.38,2026-08-07 14:00:00,WALLET,SUCCESS
TXN100450,M002,Bluewave Retail Pvt Ltd,CUST49121,937.18,2026-08-12 17:00:00,UPI,SUCCESS
TXN100451,M008,Harbor Analytics Pvt Ltd,CUST46291,4298.3,2026-08-09 20:00:00,NETBANKING,SUCCESS
TXN100452,M005,Orbit Mobility Pvt Ltd,CUST17441,11707.42,2026-08-17 07:00:00,WALLET,SUCCESS
TXN100453,M006,Sundrop Organics Pvt Ltd,CUST75191,41004.97,2026-08-01 20:00:00,NETBANKING,SUCCESS
TXN100454,M005,Orbit Mobility Pvt Ltd,CUST54979,54461.24,2026-08-13 12:00:00,CARD,SUCCESS
TXN100455,M008,HARBOR ANALYTICS,CUST32280,54438.33,2026-08-12 16:00:00,CARD,SUCCESS
TXN100456,M005,Orbit Mobility Pvt Ltd,CUST83273,6307.38,2026-08-05 23:00:00,CARD,SUCCESS
TXN100457,M006,Sundrop Organics Pvt Ltd,CUST50250,39438.86,2026-08-08 11:00:00,WALLET,SUCCESS
TXN100458,M006,Sundrop Organics Pvt Ltd,CUST71674,22615.1,2026-08-19 09:00:00,UPI,SUCCESS
TXN100459,M002,Bluewave Retail Pvt Ltd,CUST25704,28597.07,2026-08-07 16:00:00,WALLET,SUCCESS
TXN100460,M005,Orbit Mobility Pvt Ltd,CUST36253,25079.88,2026-08-05 04:00:00,NETBANKING,SUCCESS
TXN100461,M007,Velocity Logistics Pvt Ltd,CUST33639,59237.9,2026-08-15 04:00:00,UPI,SUCCESS
TXN100462,M008,Harbor Analytics Pvt Ltd,CUST93165,20291.45,2026-08-06 10:00:00,UPI,SUCCESS
TXN100463,M001,ABC Technologies Pvt Ltd,CUST74169,27397.17,2026-08-07 05:00:00,UPI,SUCCESS
TXN100464,M003,Nimbus Foods LLP,CUST62873,37061.54,2026-08-21 13:00:00,WALLET,SUCCESS
TXN100465,M008,Harbor Analytics Pvt Ltd,CUST36137,23307.33,2026-08-02 17:00:00,NETBANKING,SUCCESS
TXN100466,M001,ABC Tech Pvt. Ltd.,CUST98702,53574.38,2026-08-17 06:00:00,UPI,SUCCESS
TXN100467,M004,Craftline Traders Pvt. Ltd.,CUST23462,13962.81,2026-08-12 09:00:00,WALLET,SUCCESS
TXN100468,M005,Orbit Mobility Pvt Ltd,CUST48119,10437.7,2026-08-02 09:00:00,WALLET,SUCCESS
TXN100469,M006,Sundrop Organics Pvt Ltd,CUST74248,26303.08,2026-08-05 10:00:00,NETBANKING,SUCCESS
TXN100470,M004,Craftline Traders Pvt Ltd,CUST39939,10310.57,2026-08-13 00:00:00,CARD,SUCCESS
TXN100471,M003,Nimbus Foods LLP,CUST76143,13065.82,2026-08-01 18:00:00,CARD,SUCCESS
TXN100472,M002,BLUEWAVE RETAIL,CUST93928,22312.19,2026-08-21 01:00:00,NETBANKING,SUCCESS
TXN100473,M001,ABC Technologies Pvt Ltd,CUST24170,35838.48,2026-08-02 21:00:00,UPI,SUCCESS
TXN100474,M001,ABC Technologies Pvt Ltd,CUST26199,41540.11,2026-08-14 14:00:00,NETBANKING,SUCCESS
TXN100475,M008,Harbor Analytics Pvt Ltd,CUST99881,42261.16,2026-08-07 22:00:00,UPI,SUCCESS
TXN100476,M005,ORBIT MOBILITY,CUST91631,25541.85,2026-08-04 21:00:00,CARD,SUCCESS
TXN100477,M007,Velocity Logistics Pvt Ltd,CUST90962,49923.84,2026-08-04 16:00:00,UPI,SUCCESS
TXN100478,M005,Orbit Mobility Pvt Ltd,CUST36037,7283.75,2026-08-04 15:00:00,CARD,SUCCESS
TXN100479,M005,Orbit Mobility Pvt Ltd,CUST63707,49974.18,2026-08-07 11:00:00,NETBANKING,SUCCESS
TXN100480,M003,Nimbus Foods LLP,CUST73001,2844.64,2026-08-16 06:00:00,NETBANKING,SUCCESS
TXN100481,M004,Craftline Traders Pvt Ltd,CUST85255,662.91,2026-08-03 03:00:00,WALLET,SUCCESS
TXN100482,M003,Nimbus Foods LLP,CUST23276,56992.04,2026-08-17 02:00:00,NETBANKING,SUCCESS
TXN100483,M004,Craftline Traders Pvt Ltd,CUST32898,27676.7,2026-08-10 08:00:00,UPI,SUCCESS
TXN100484,M005,Orbit Mobility Pvt Ltd,CUST25191,21932.77,2026-08-11 13:00:00,UPI,SUCCESS
TXN100485,M001,ABC Technologies Pvt Ltd,CUST94829,1075.5,2026-08-05 21:00:00,CARD,SUCCESS
TXN100486,M006,Sundrop Organics Pvt Ltd,CUST45167,21772.88,2026-08-15 19:00:00,UPI,SUCCESS
TXN100487,M006,Sundrop Organics Pvt Ltd,CUST45629,48990.38,2026-08-06 03:00:00,WALLET,SUCCESS
TXN100488,M008,Harbor Analytics Pvt Ltd,CUST24818,48094.0,2026-08-21 05:00:00,CARD,SUCCESS
TXN100489,M001,ABC Technologies Pvt Ltd,CUST64529,58903.37,2026-08-06 03:00:00,WALLET,SUCCESS
TXN100490,M008,Harbor Analytics Pvt Ltd,CUST90131,11285.0,2026-08-13 11:00:00,UPI,SUCCESS
TXN100491,M003,NIMBUS FOODS,CUST67761,29243.24,2026-08-16 03:00:00,UPI,SUCCESS
TXN100492,M002,Bluewave Retail Pvt Ltd,CUST98857,16065.97,2026-08-11 00:00:00,CARD,SUCCESS
TXN100493,M006,Sundrop Organics Pvt Ltd,CUST42581,31386.43,2026-08-20 03:00:00,WALLET,SUCCESS
TXN100494,M006,Sundrop Organics Pvt Ltd,CUST29484,39990.78,2026-08-21 12:00:00,UPI,SUCCESS
TXN100495,M001,ABC Technologies Pvt Ltd,CUST74990,38782.22,2026-08-06 16:00:00,CARD,SUCCESS
TXN100496,M002,Bluewave Retail Pvt Ltd,CUST46458,45210.09,2026-08-11 07:00:00,UPI,SUCCESS
TXN100497,M004,Craftline Traders Pvt Ltd,CUST40801,33254.49,2026-08-13 12:00:00,UPI,SUCCESS
TXN100498,M008,Harbor Analytics Pvt Ltd,CUST21536,26929.24,2026-08-19 14:00:00,WALLET,SUCCESS
TXN100499,M008,Harbor Analytics Pvt Ltd,CUST62879,19305.66,2026-08-16 23:00:00,WALLET,SUCCESS
TXN100500,M001,ABC Technologies Pvt Ltd,CUST89194,33649.3,2026-08-01 02:00:00,NETBANKING,SUCCESS
TXN100501,M004,Craftline Traders Pvt Ltd,CUST57624,39448.46,2026-08-15 10:00:00,UPI,SUCCESS
TXN100502,M004,Craftline Traders Pvt Ltd,CUST91232,50736.89,2026-08-11 17:00:00,WALLET,SUCCESS
TXN100503,M006,Sundrop Organics Pvt Ltd,CUST96364,43096.85,2026-08-04 03:00:00,CARD,SUCCESS
TXN100504,M001,ABC Technologies Pvt Ltd,CUST81786,20810.75,2026-08-21 09:00:00,NETBANKING,SUCCESS
TXN100505,M002,Bluewave Retail Pvt Ltd,CUST28408,3223.8,2026-08-06 15:00:00,WALLET,SUCCESS
TXN100506,M002,Bluewave Retail Pvt Ltd,CUST61497,15630.21,2026-08-07 06:00:00,CARD,SUCCESS
TXN100507,M008,Harbor Analytics Pvt Ltd,CUST64325,49560.97,2026-08-07 22:00:00,UPI,SUCCESS
TXN100508,M002,Bluewave Retail Pvt Ltd,CUST96305,46442.64,2026-08-15 14:00:00,CARD,SUCCESS
TXN100509,M008,Harbor Analytics Pvt Ltd,CUST76628,758.09,2026-08-02 17:00:00,CARD,SUCCESS
TXN100510,M003,Nimbus Foods LLP,CUST96182,43964.43,2026-08-05 03:00:00,NETBANKING,SUCCESS
TXN100511,M007,Velocity Logistics Pvt Ltd,CUST42537,25410.55,2026-08-20 22:00:00,NETBANKING,SUCCESS
TXN100512,M007,Velocity Logistics Pvt Ltd,CUST27481,57833.82,2026-08-10 14:00:00,CARD,SUCCESS
TXN100513,M007,Velocity Logistics Pvt Ltd,CUST81802,36350.2,2026-08-17 09:00:00,NETBANKING,SUCCESS
TXN100514,M004,Craftline Traders Pvt Ltd,CUST48086,12452.9,2026-08-20 22:00:00,NETBANKING,SUCCESS
TXN100515,M003,Nimbus Foods LLP,CUST25126,58889.46,2026-08-21 05:00:00,NETBANKING,SUCCESS
TXN100516,M008,Harbor Analytics Pvt Ltd,CUST79979,35176.97,2026-08-14 21:00:00,NETBANKING,SUCCESS
TXN100517,M007,Velocity Logistics Pvt Ltd,CUST13312,48594.13,2026-08-17 03:00:00,WALLET,SUCCESS
TXN100518,M003,Nimbus Foods LLP,CUST44993,3657.37,2026-08-02 06:00:00,CARD,SUCCESS
TXN100519,M005,Orbit Mobility Pvt Ltd,CUST48684,41161.72,2026-08-05 01:00:00,CARD,SUCCESS
TXN100520,M001,ABC Technologies Pvt Ltd,CUST90754,21841.61,2026-08-15 03:00:00,CARD,SUCCESS
TXN100521,M007,Velocity Logistics Pvt Ltd,CUST97096,14636.93,2026-08-10 22:00:00,UPI,SUCCESS
TXN100522,M007,Velocity Logistics Pvt Ltd,CUST42943,23559.5,2026-08-11 17:00:00,CARD,SUCCESS
TXN100523,M008,Harbor Analytics Pvt Ltd,CUST87120,49884.02,2026-08-21 22:00:00,CARD,SUCCESS
TXN100524,M004,Craftline Traders Pvt Ltd,CUST19760,18003.57,2026-08-06 21:00:00,CARD,SUCCESS
TXN100525,M003,Nimbus Foods LLP,CUST15326,44237.23,2026-08-04 12:00:00,WALLET,SUCCESS
TXN100525,M003,Nimbus Foods LLP,CUST15326,44237.23,2026-08-04 12:00:00,WALLET,SUCCESS
TXN100526,M005,Orbit Mobility Pvt Ltd,CUST86544,33617.62,2026-08-05 05:00:00,NETBANKING,SUCCESS
TXN100527,M001,ABC Technologies Pvt Ltd,CUST88234,20168.49,2026-08-05 01:00:00,UPI,SUCCESS
TXN100528,M005,Orbit Mobility Pvt Ltd,CUST78864,29687.78,2026-08-19 17:00:00,CARD,SUCCESS
TXN100529,M003,Nimbus Foods LLP,CUST64516,31476.07,2026-08-17 05:00:00,WALLET,SUCCESS
TXN100530,M002,Bluewave Retail Pvt Ltd,CUST53500,21289.48,2026-08-07 21:00:00,NETBANKING,SUCCESS
TXN100531,M006,Sundrop Organics Pvt Ltd,CUST25036,17967.67,2026-08-20 16:00:00,NETBANKING,SUCCESS
TXN100532,M008,Harbor Analytics Pvt Ltd,CUST15226,14800.7,2026-08-21 19:00:00,NETBANKING,SUCCESS
TXN100533,M007,Velocity Logistics Pvt Ltd,CUST43631,54997.98,2026-08-04 12:00:00,NETBANKING,SUCCESS
TXN100534,M001,ABC Technologies Pvt Ltd,CUST76680,54724.49,2026-08-12 16:00:00,WALLET,SUCCESS
TXN100535,M008,Harbor Analytics Pvt Ltd,CUST51984,3109.17,2026-08-21 06:00:00,UPI,SUCCESS
TXN100536,M002,Bluewave Retail Pvt Ltd,CUST18581,10459.99,2026-08-18 17:00:00,CARD,SUCCESS
TXN100537,M004,Craftline Traders Pvt Ltd,CUST36945,51964.58,2026-08-14 03:00:00,WALLET,SUCCESS
TXN100538,M002,BLUEWAVE RETAIL,CUST53478,44940.0,2026-08-05 00:00:00,UPI,SUCCESS
TXN100539,M002,Bluewave Retail Pvt Ltd,CUST85361,4858.26,2026-08-06 08:00:00,CARD,SUCCESS
TXN100540,M005,Orbit Mobility Pvt Ltd,CUST63011,24754.15,2026-08-15 20:00:00,WALLET,SUCCESS
TXN100541,M006,Sundrop Organics Pvt Ltd,CUST10773,1505.01,2026-08-04 17:00:00,UPI,SUCCESS
TXN100542,M001,ABC Technologies Pvt Ltd,CUST23911,42202.48,2026-08-03 11:00:00,NETBANKING,SUCCESS
TXN100543,M005,Orbit Mobility Pvt Ltd,CUST59992,36590.67,2026-08-10 14:00:00,WALLET,SUCCESS
TXN100544,M001,ABC Technologies Pvt Ltd,CUST81529,28702.27,2026-08-18 07:00:00,NETBANKING,SUCCESS
TXN100545,M003,Nimbus Foods LLP,CUST11461,18234.36,2026-08-21 11:00:00,CARD,SUCCESS
TXN100546,M002,Bluewave Retail Pvt Ltd,CUST61653,2985.5,2026-08-19 19:00:00,UPI,SUCCESS
TXN100547,M005,Orbit Mobility Pvt Ltd,CUST64087,12998.15,2026-08-12 06:00:00,CARD,SUCCESS
TXN100548,M003,Nimbus Foods LLP,CUST35470,11447.57,2026-08-20 08:00:00,UPI,SUCCESS
TXN100549,M003,Nimbus Foods LLP,CUST81939,40423.19,2026-08-19 01:00:00,WALLET,SUCCESS
TXN100550,M002,Bluewave Retail Pvt Ltd,CUST22871,17793.83,2026-08-03 08:00:00,CARD,SUCCESS
TXN100551,M008,Harbor Analytics Pvt Ltd,CUST97988,57116.62,2026-08-12 04:00:00,CARD,SUCCESS
TXN100552,M002,Bluewave Retail Pvt Ltd,CUST51652,17465.66,2026-08-03 06:00:00,WALLET,SUCCESS
TXN100553,M008,Harbor Analytics Pvt Ltd,CUST86568,20036.59,2026-08-10 22:00:00,CARD,SUCCESS
TXN100554,M006,Sundrop Organics Pvt Ltd,CUST10633,48558.14,2026-08-14 05:00:00,NETBANKING,SUCCESS
TXN100555,M004,Craftline Traders Pvt Ltd,CUST46264,47246.78,2026-08-21 13:00:00,NETBANKING,SUCCESS
TXN100556,M003,Nimbus Foods LLP,CUST70666,40935.02,2026-08-11 15:00:00,WALLET,SUCCESS
TXN100557,M006,Sundrop Organics Pvt Ltd,CUST24264,46598.63,2026-08-16 17:00:00,CARD,SUCCESS
TXN100558,M002,Bluewave Retail Pvt Ltd,CUST35746,50586.68,2026-08-05 17:00:00,NETBANKING,SUCCESS
TXN100559,M002,Bluewave Retail Pvt Ltd,CUST92788,43781.81,2026-08-01 16:00:00,UPI,SUCCESS
TXN100560,M007,Velocity Logistics Pvt Ltd,CUST44159,46267.42,2026-08-07 01:00:00,WALLET,SUCCESS
TXN100561,M003,Nimbus Foods LLP,CUST48141,22266.21,2026-08-08 18:00:00,CARD,SUCCESS
TXN100562,M008,Harbor Analytics Pvt Ltd,CUST57692,30316.83,2026-08-03 12:00:00,UPI,SUCCESS
TXN100563,M004,Craftline Traders Pvt Ltd,CUST31737,50954.92,2026-08-20 21:00:00,CARD,SUCCESS
TXN100564,M008,Harbor Analytics Pvt Ltd,CUST96430,9973.73,2026-08-19 18:00:00,CARD,SUCCESS
TXN100565,M008,Harbor Analytics Pvt Ltd,CUST73916,56380.93,2026-08-02 07:00:00,CARD,SUCCESS
TXN100566,M002,Bluewave Retail Pvt Ltd,CUST97632,16229.25,2026-08-08 01:00:00,CARD,SUCCESS
TXN100567,M006,Sundrop Organics Pvt Ltd,CUST15230,23591.54,2026-08-15 01:00:00,NETBANKING,SUCCESS
TXN100568,M002,BLUEWAVE RETAIL,CUST44513,42372.31,2026-08-17 20:00:00,CARD,SUCCESS
TXN100569,M007,Velocity Logistics Pvt Ltd,CUST95634,39393.68,2026-08-12 18:00:00,UPI,SUCCESS
TXN100570,M005,Orbit Mobility Pvt Ltd,CUST63194,22891.56,2026-08-08 16:00:00,NETBANKING,SUCCESS
TXN100571,M006,Sundrop Organics Pvt Ltd,CUST10864,29468.26,2026-08-16 19:00:00,CARD,SUCCESS
TXN100571,M006,Sundrop Organics Pvt Ltd,CUST10864,29468.26,2026-08-16 19:00:00,CARD,SUCCESS
TXN100572,M008,Harbor Analytics Pvt Ltd,CUST37723,10353.55,2026-08-03 16:00:00,CARD,SUCCESS
TXN100573,M003,Nimbus Foods LLP,CUST96652,9862.76,2026-08-20 22:00:00,CARD,SUCCESS
TXN100574,M007,Velocity Logistics Pvt Ltd,CUST98503,48764.77,2026-08-04 15:00:00,WALLET,SUCCESS
TXN100575,M008,Harbor Analytics Pvt Ltd,CUST63857,13036.89,2026-08-06 20:00:00,UPI,SUCCESS
TXN100576,M004,Craftline Traders Pvt Ltd,CUST31119,3067.09,2026-08-19 18:00:00,CARD,SUCCESS
TXN100577,M001,ABC Technologies Pvt Ltd,CUST33597,53502.46,2026-08-05 01:00:00,WALLET,SUCCESS
TXN100578,M001,ABC Technologies Pvt Ltd,CUST38389,52771.28,2026-08-10 02:00:00,WALLET,SUCCESS
TXN100579,M008,Harbor Analytics Pvt Ltd,CUST86368,52104.49,2026-08-06 07:00:00,CARD,SUCCESS
TXN100580,M005,Orbit Mobility Pvt Ltd,CUST88188,10479.44,2026-08-11 14:00:00,UPI,SUCCESS
TXN100581,M004,Craftline Traders Pvt Ltd,CUST29603,23003.58,2026-08-05 03:00:00,UPI,SUCCESS
TXN100582,M003,Nimbus Foods LLP,CUST22214,28814.22,2026-08-20 19:00:00,WALLET,SUCCESS
TXN100583,M003,Nimbus Foods LLP,CUST98940,54168.09,2026-08-18 00:00:00,WALLET,SUCCESS
TXN100584,M007,Velocity Logistics Pvt Ltd,CUST79444,22537.46,2026-08-02 22:00:00,WALLET,SUCCESS
TXN100585,M004,Craftline Traders Pvt Ltd,CUST65769,56336.09,2026-08-16 12:00:00,CARD,SUCCESS
TXN100586,M005,Orbit Mobility Pvt Ltd,CUST81267,28889.9,2026-08-08 02:00:00,WALLET,SUCCESS
TXN100587,M005,Orbit Mobility Pvt Ltd,CUST78490,11746.75,2026-08-01 18:00:00,UPI,SUCCESS
TXN100588,M001,ABC Technologies Pvt Ltd,CUST51405,22814.28,2026-08-07 22:00:00,WALLET,SUCCESS
TXN100589,M006,SUNDROP ORGANICS,CUST44249,6841.7,2026-08-14 20:00:00,WALLET,SUCCESS
TXN100590,M006,Sundrop Organics Pvt Ltd,CUST64162,36906.9,2026-08-13 06:00:00,WALLET,SUCCESS
TXN100591,M003,Nimbus Foods LLP,CUST43263,22527.67,2026-08-18 15:00:00,NETBANKING,SUCCESS
TXN100592,M006,Sundrop Organics Pvt Ltd,CUST28096,46564.57,2026-08-13 23:00:00,UPI,SUCCESS
TXN100593,M004,Craftline Traders Pvt Ltd,CUST38109,27072.4,2026-08-06 03:00:00,WALLET,SUCCESS
TXN100594,M006,Sundrop Organics Pvt Ltd,CUST99727,48150.8,2026-08-20 22:00:00,UPI,SUCCESS
TXN100595,M003,Nimbus Foods LLP,CUST21939,23651.67,2026-08-21 00:00:00,CARD,SUCCESS
TXN100596,M008,Harbor Analytics Pvt Ltd,CUST39067,55588.78,2026-08-14 02:00:00,NETBANKING,SUCCESS
TXN100597,M002,Bluewave Retail Pvt Ltd,CUST90473,36737.22,2026-08-13 12:00:00,NETBANKING,SUCCESS
TXN100598,M001,ABC Technologies Pvt Ltd,CUST74797,56770.09,2026-08-06 20:00:00,WALLET,SUCCESS
TXN100599,M001,ABC Tech Pvt. Ltd.,CUST14405,12501.58,2026-08-17 09:00:00,CARD,SUCCESS
TXN100600,M003,Nimbus Foods LLP,CUST21382,40604.45,2026-08-12 07:00:00,NETBANKING,SUCCESS
TXN100601,M007,Velocity Logistics Pvt Ltd,CUST86818,21511.1,2026-08-13 12:00:00,CARD,SUCCESS
TXN100602,M001,ABC Technologies Pvt Ltd,CUST82036,44347.07,2026-08-03 02:00:00,NETBANKING,SUCCESS
TXN100603,M006,Sundrop Organics Pvt Ltd,CUST89477,21174.77,2026-08-09 07:00:00,CARD,SUCCESS
TXN100604,M008,Harbor Analytics Pvt Ltd,CUST76353,55817.97,2026-08-19 00:00:00,UPI,SUCCESS
TXN100605,M002,Bluewave Retail Pvt Ltd,CUST77277,30438.57,2026-08-11 03:00:00,NETBANKING,SUCCESS
TXN100606,M005,Orbit Mobility Pvt Ltd,CUST73390,41804.42,2026-08-13 18:00:00,CARD,SUCCESS
TXN100607,M006,Sundrop Organics Pvt Ltd,CUST70387,57693.7,2026-08-15 21:00:00,UPI,SUCCESS
TXN100608,M008,Harbor Analytics Pvt Ltd,CUST93055,7417.96,2026-08-03 12:00:00,CARD,SUCCESS
TXN100609,M004,Craftline Traders Pvt Ltd,CUST77699,48109.6,2026-08-14 11:00:00,UPI,SUCCESS
TXN100610,M005,Orbit Mobility Pvt Ltd,CUST98302,15271.33,2026-08-03 12:00:00,NETBANKING,SUCCESS
TXN100611,M002,Bluewave Retail Pvt Ltd,CUST51139,33495.81,2026-08-06 15:00:00,NETBANKING,SUCCESS
TXN100612,M004,Craftline Traders Pvt Ltd,CUST99536,53711.82,2026-08-09 05:00:00,CARD,SUCCESS
TXN100613,M008,Harbor Analytics Pvt Ltd,CUST41726,44358.18,2026-08-08 23:00:00,NETBANKING,SUCCESS
TXN100614,M004,Craftline Traders Pvt Ltd,CUST25712,14137.85,2026-08-08 19:00:00,UPI,SUCCESS
TXN100615,M008,Harbor Analytics Pvt Ltd,CUST73214,37022.71,2026-08-18 01:00:00,NETBANKING,SUCCESS
TXN100616,M006,Sundrop Organics Pvt Ltd,CUST62150,29794.25,2026-08-19 08:00:00,CARD,SUCCESS
TXN100617,M003,Nimbus Food LLP,CUST14268,3721.82,2026-08-14 15:00:00,NETBANKING,SUCCESS
TXN100618,M007,Velocity Logistics Pvt Ltd,CUST25776,51693.81,2026-08-06 14:00:00,WALLET,SUCCESS
TXN100619,M006,Sundrop Organics Pvt Ltd,CUST37623,41508.03,2026-08-01 21:00:00,WALLET,SUCCESS
TXN100620,M002,Bluewave Retail Pvt Ltd,CUST34530,19863.45,2026-08-20 08:00:00,NETBANKING,SUCCESS
TXN100621,M004,Craftline Traders Pvt Ltd,CUST57962,16529.79,2026-08-20 10:00:00,CARD,SUCCESS
TXN100622,M008,Harbor Analytics Pvt Ltd,CUST62506,25724.6,2026-08-14 22:00:00,NETBANKING,SUCCESS
TXN100623,M008,Harbor Analytics Pvt Ltd,CUST99916,11203.41,2026-08-05 18:00:00,CARD,SUCCESS
TXN100624,M002,BLUEWAVE RETAIL,CUST59923,43388.52,2026-08-08 17:00:00,CARD,SUCCESS
TXN100625,M003,Nimbus Foods LLP,CUST65249,48102.23,2026-08-05 15:00:00,WALLET,SUCCESS
TXN100626,M003,Nimbus Foods LLP,CUST73782,59735.93,2026-08-21 16:00:00,NETBANKING,SUCCESS
TXN100627,M005,Orbit Mobility Pvt Ltd,CUST62219,33947.24,2026-08-19 01:00:00,UPI,SUCCESS
TXN100628,M003,Nimbus Foods LLP,CUST22622,4072.16,2026-08-09 15:00:00,WALLET,SUCCESS
TXN100629,M006,SUNDROP ORGANICS,CUST55107,15956.26,2026-08-12 17:00:00,UPI,SUCCESS
TXN100630,M007,Velocity Logistics Pvt Ltd,CUST85609,7713.63,2026-08-20 06:00:00,CARD,SUCCESS
TXN100631,M005,Orbit Mobility Pvt Ltd,CUST68580,21628.99,2026-08-17 15:00:00,UPI,SUCCESS
TXN100632,M007,Velocity Logistics Pvt Ltd,CUST28985,37012.99,2026-08-15 20:00:00,CARD,SUCCESS
TXN100633,M006,Sundrop Organics Pvt Ltd,CUST63054,25598.08,2026-08-20 18:00:00,UPI,SUCCESS
TXN100634,M002,Bluewave Retail Pvt Ltd,CUST51533,10138.97,2026-08-08 10:00:00,NETBANKING,SUCCESS
TXN100635,M005,Orbit Mobility Pvt Ltd,CUST86928,36520.41,2026-08-13 08:00:00,WALLET,SUCCESS
TXN100636,M007,Velocity Logistics Pvt Ltd,CUST20494,10455.43,2026-08-01 04:00:00,CARD,SUCCESS
TXN100637,M003,Nimbus Foods LLP,CUST72021,24124.21,2026-08-04 02:00:00,UPI,SUCCESS
TXN100638,M001,ABC Technologies Pvt Ltd,CUST23622,46370.56,2026-08-17 02:00:00,NETBANKING,SUCCESS
TXN100639,M003,Nimbus Foods LLP,CUST40062,5516.52,2026-08-13 09:00:00,CARD,SUCCESS
TXN100640,M005,Orbit Mobility Pvt Ltd,CUST79041,26868.05,2026-08-05 04:00:00,CARD,SUCCESS
TXN100641,M001,ABC Technologies Pvt Ltd,CUST72410,2591.72,2026-08-12 10:00:00,WALLET,SUCCESS
TXN100642,M005,Orbit Mobility Pvt Ltd,CUST80685,33138.44,2026-08-05 22:00:00,CARD,SUCCESS
TXN100643,M008,Harbor Analytics Pvt Ltd,CUST67013,38047.33,2026-08-21 18:00:00,NETBANKING,SUCCESS
TXN100644,M006,Sundrop Organics Pvt Ltd,CUST67915,29158.28,2026-08-08 02:00:00,NETBANKING,SUCCESS
TXN100645,M006,Sundrop Organics Pvt Ltd,CUST11383,25026.13,2026-08-05 09:00:00,UPI,SUCCESS
TXN100646,M003,Nimbus Foods LLP,CUST11090,20961.15,2026-08-16 17:00:00,WALLET,SUCCESS
TXN100647,M008,Harbor Analytics Pvt. Ltd.,CUST10946,18326.83,2026-08-14 09:00:00,NETBANKING,SUCCESS
TXN100648,M004,Craftline Traders Pvt Ltd,CUST61740,24998.28,2026-08-18 13:00:00,CARD,SUCCESS
TXN100649,M003,Nimbus Foods LLP,CUST59592,43038.81,2026-08-21 12:00:00,CARD,SUCCESS
TXN100650,M005,Orbit Mobility Pvt Ltd,CUST77713,5212.98,2026-08-21 07:00:00,NETBANKING,SUCCESS
TXN100651,M005,Orbit Mobility Pvt Ltd,CUST18973,39083.19,2026-08-18 08:00:00,CARD,SUCCESS
TXN100652,M003,Nimbus Foods LLP,CUST45669,17730.92,2026-08-21 14:00:00,WALLET,SUCCESS
TXN100653,M004,Craftline Traders Pvt Ltd,CUST12900,19578.3,2026-08-05 01:00:00,CARD,SUCCESS
TXN100654,M002,Bluewave Retail Pvt Ltd,CUST67464,17285.81,2026-08-05 22:00:00,UPI,SUCCESS
TXN100655,M004,Craftline Traders Pvt Ltd,CUST38467,5866.72,2026-08-01 15:00:00,NETBANKING,SUCCESS
TXN100656,M007,Velocity Logistics Pvt Ltd,CUST70776,19038.81,2026-08-16 11:00:00,UPI,SUCCESS
TXN100657,M006,Sundrop Organics Pvt Ltd,CUST61435,5273.27,2026-08-05 01:00:00,UPI,SUCCESS
TXN100658,M008,Harbor Analytics Pvt Ltd,CUST11653,11305.42,2026-08-09 12:00:00,UPI,SUCCESS
TXN100659,M004,Craftline Traders Pvt Ltd,CUST36106,23395.48,2026-08-15 07:00:00,WALLET,SUCCESS
TXN100660,M002,Bluewave Retail Pvt Ltd,CUST61003,31507.78,2026-08-07 15:00:00,NETBANKING,SUCCESS
TXN100661,M006,Sundrop Organics Pvt Ltd,CUST82034,9937.38,2026-08-02 23:00:00,UPI,SUCCESS
TXN100662,M005,Orbit Mobility Pvt Ltd,CUST97385,29133.16,2026-08-10 06:00:00,CARD,SUCCESS
TXN100663,M002,Bluewave Retail Pvt Ltd,CUST11974,14539.97,2026-08-14 10:00:00,CARD,SUCCESS
TXN100664,M005,Orbit Mobility Pvt Ltd,CUST11170,35289.46,2026-08-13 07:00:00,UPI,SUCCESS
TXN100665,M008,Harbor Analytics Pvt Ltd,CUST21728,41460.19,2026-08-05 11:00:00,CARD,SUCCESS
TXN100666,M003,Nimbus Foods LLP,CUST91937,30245.19,2026-08-20 10:00:00,UPI,SUCCESS
TXN100667,M001,ABC Technologies Pvt Ltd,CUST80300,21653.3,2026-08-05 22:00:00,UPI,SUCCESS
TXN100668,M003,Nimbus Foods LLP,CUST94495,29526.65,2026-08-11 17:00:00,NETBANKING,SUCCESS
TXN100669,M008,Harbor Analytics Pvt Ltd,CUST59514,44124.74,2026-08-01 22:00:00,NETBANKING,SUCCESS
TXN100670,M003,Nimbus Foods LLP,CUST83272,15416.43,2026-08-02 15:00:00,NETBANKING,SUCCESS
TXN100671,M008,Harbor Analytics Pvt Ltd,CUST55569,11791.66,2026-08-06 17:00:00,NETBANKING,SUCCESS
TXN100672,M008,Harbor Analytics Pvt Ltd,CUST31016,16881.81,2026-08-20 17:00:00,UPI,SUCCESS
TXN100673,M003,Nimbus Foods LLP,CUST93627,27238.36,2026-08-09 17:00:00,WALLET,SUCCESS
TXN100674,M003,Nimbus Foods LLP,CUST91290,53034.48,2026-08-20 11:00:00,CARD,SUCCESS
TXN100675,M006,Sundrop Organics Pvt Ltd,CUST34886,43399.71,2026-08-18 12:00:00,WALLET,SUCCESS
TXN100676,M003,Nimbus Foods LLP,CUST94004,36975.83,2026-08-11 13:00:00,NETBANKING,SUCCESS
TXN100677,M002,Bluewave Retail Pvt Ltd,CUST27009,6227.25,2026-08-03 01:00:00,CARD,SUCCESS
TXN100678,M001,ABC Technologies Pvt Ltd,CUST22943,12523.7,2026-08-16 06:00:00,UPI,SUCCESS
TXN100678,M001,ABC Technologies Pvt Ltd,CUST22943,12523.7,2026-08-16 06:00:00,UPI,SUCCESS
TXN100679,M007,Velocity Logistics Pvt Ltd,CUST16433,39646.31,2026-08-17 19:00:00,NETBANKING,SUCCESS
TXN100680,M004,Craftline Traders Pvt Ltd,CUST37359,36554.24,2026-08-03 00:00:00,WALLET,SUCCESS
TXN100681,M002,Bluewave Retail Pvt Ltd,CUST57307,28349.52,2026-08-21 01:00:00,WALLET,SUCCESS
TXN100682,M006,Sundrop Organics Pvt Ltd,CUST44840,47757.85,2026-08-02 19:00:00,UPI,SUCCESS
TXN100683,M002,Bluewave Retail Pvt Ltd,CUST23267,50150.16,2026-08-03 06:00:00,CARD,SUCCESS
TXN100684,M007,Velocity Logistics Pvt Ltd,CUST42605,11772.89,2026-08-17 21:00:00,CARD,SUCCESS
TXN100685,M007,Velocity Logistics Pvt Ltd,CUST56918,44893.45,2026-08-21 18:00:00,WALLET,SUCCESS
TXN100686,M007,Velocity Logistics Pvt Ltd,CUST82085,53028.03,2026-08-06 05:00:00,WALLET,SUCCESS
TXN100687,M006,Sundrop Organics Pvt Ltd,CUST68066,39623.15,2026-08-18 19:00:00,NETBANKING,SUCCESS
TXN100688,M006,Sundrop Organics Pvt Ltd,CUST64046,33229.84,2026-08-11 11:00:00,WALLET,SUCCESS
TXN100688,M006,Sundrop Organics Pvt Ltd,CUST64046,33229.84,2026-08-11 11:00:00,WALLET,SUCCESS
TXN100689,M006,Sundrop Organics Pvt Ltd,CUST38039,36700.6,2026-08-19 17:00:00,WALLET,SUCCESS
TXN100690,M005,Orbit Mobility Pvt Ltd,CUST62047,21920.51,2026-08-15 14:00:00,UPI,SUCCESS
TXN100691,M001,ABC Technologies Pvt Ltd,CUST10860,58985.91,2026-08-20 00:00:00,NETBANKING,SUCCESS
TXN100692,M004,Craftline Traders Pvt Ltd,CUST46170,13281.96,2026-08-11 00:00:00,CARD,SUCCESS
TXN100693,M002,Bluewave Retail Pvt Ltd,CUST28141,2745.31,2026-08-12 04:00:00,NETBANKING,SUCCESS
TXN100694,M006,Sundrop Organics Pvt Ltd,CUST43586,53432.71,2026-08-08 07:00:00,NETBANKING,SUCCESS
TXN100695,M002,Bluewave Retail Pvt Ltd,CUST52558,34443.99,2026-08-19 06:00:00,WALLET,SUCCESS
TXN100696,M003,Nimbus Foods LLP,CUST88018,29552.45,2026-08-19 03:00:00,NETBANKING,SUCCESS
TXN100697,M001,ABC Technologies Pvt Ltd,CUST20286,43981.97,2026-08-19 12:00:00,UPI,SUCCESS
TXN100698,M006,Sundrop Organics Pvt Ltd,CUST25799,21201.85,2026-08-14 13:00:00,CARD,SUCCESS
TXN100699,M001,ABC Technologies Pvt Ltd,CUST17094,38216.28,2026-08-21 12:00:00,NETBANKING,SUCCESS
TXN100700,M001,ABC Technologies Pvt Ltd,CUST38940,19499.33,2026-08-19 04:00:00,CARD,SUCCESS
TXN100701,M001,ABC Technologies Pvt Ltd,CUST88005,40581.3,2026-08-13 14:00:00,UPI,SUCCESS
TXN100702,M004,Craftline Traders Pvt Ltd,CUST27326,26200.17,2026-08-13 04:00:00,NETBANKING,SUCCESS
TXN100702,M004,Craftline Traders Pvt Ltd,CUST27326,26200.17,2026-08-13 04:00:00,NETBANKING,SUCCESS
TXN100703,M002,Bluewave Retail Pvt Ltd,CUST44413,28813.35,2026-08-02 17:00:00,UPI,SUCCESS
TXN100704,M007,Velocity Logistics Pvt Ltd,CUST73035,30358.48,2026-08-05 04:00:00,CARD,SUCCESS
TXN100705,M008,Harbor Analytics Pvt Ltd,CUST83553,24021.47,2026-08-19 06:00:00,CARD,SUCCESS
TXN100706,M004,Craftline Traders Pvt Ltd,CUST99749,4762.82,2026-08-14 10:00:00,UPI,SUCCESS
TXN100707,M002,Bluewave Retail Pvt Ltd,CUST55653,40468.98,2026-08-14 11:00:00,CARD,SUCCESS
TXN100708,M006,Sundrop Organics Pvt Ltd,CUST32184,20999.23,2026-08-21 00:00:00,NETBANKING,SUCCESS
TXN100709,M008,Harbor Analytics Pvt Ltd,CUST36173,37579.34,2026-08-15 01:00:00,NETBANKING,SUCCESS
TXN100710,M003,Nimbus Foods LLP,CUST17148,45585.16,2026-08-03 03:00:00,CARD,SUCCESS
TXN100711,M003,Nimbus Foods LLP,CUST54993,52190.76,2026-08-10 00:00:00,UPI,SUCCESS
TXN100712,M005,Orbit Mobility Pvt Ltd,CUST37395,27278.66,2026-08-01 10:00:00,CARD,SUCCESS
TXN100713,M004,Craftline Traders Pvt Ltd,CUST73311,33012.24,2026-08-09 17:00:00,CARD,SUCCESS
TXN100714,M001,ABC Technologies Pvt Ltd,CUST43483,22908.1,2026-08-17 01:00:00,CARD,SUCCESS
TXN100715,M001,ABC Tech Pvt. Ltd.,CUST70943,17398.81,2026-08-20 08:00:00,UPI,SUCCESS
TXN100716,M002,Bluewave Retail Pvt Ltd,CUST96520,23624.39,2026-08-09 21:00:00,NETBANKING,SUCCESS
TXN100717,M002,Bluewave Retail Pvt Ltd,CUST40299,1635.16,2026-08-21 12:00:00,WALLET,SUCCESS
TXN100717,M002,Bluewave Retail Pvt Ltd,CUST40299,1635.16,2026-08-21 12:00:00,WALLET,SUCCESS
TXN100718,M002,Bluewave Retail Pvt Ltd,CUST79672,54280.39,2026-08-16 19:00:00,UPI,SUCCESS
TXN100719,M003,Nimbus Foods LLP,CUST12816,12333.07,2026-08-15 17:00:00,UPI,SUCCESS
TXN100720,M004,Craftline Traders Pvt Ltd,CUST74216,55375.07,2026-08-10 10:00:00,WALLET,SUCCESS
TXN100721,M003,Nimbus Foods LLP,CUST91950,1593.15,2026-08-12 11:00:00,NETBANKING,SUCCESS
TXN100722,M004,Craftline Traders Pvt Ltd,CUST92023,59761.67,2026-08-17 08:00:00,NETBANKING,SUCCESS
TXN100723,M007,Velocity Logistics Pvt Ltd,CUST29884,53478.92,2026-08-01 17:00:00,NETBANKING,SUCCESS
TXN100724,M007,Velocity Logistics Pvt Ltd,CUST60096,39587.44,2026-08-03 23:00:00,CARD,SUCCESS
TXN100725,M007,Velocity Logistics Pvt Ltd,CUST50944,14801.47,2026-08-05 13:00:00,NETBANKING,SUCCESS
TXN100726,M008,Harbor Analytics Pvt Ltd,CUST28163,32762.91,2026-08-07 20:00:00,CARD,SUCCESS
TXN100727,M003,Nimbus Foods LLP,CUST66369,18885.4,2026-08-17 04:00:00,CARD,SUCCESS
TXN100728,M003,Nimbus Foods LLP,CUST25517,19391.02,2026-08-18 17:00:00,CARD,SUCCESS
TXN100729,M006,Sundrop Organics Pvt Ltd,CUST13864,50451.59,2026-08-05 23:00:00,NETBANKING,SUCCESS
TXN100730,M007,Velocity Logistics Pvt Ltd,CUST93472,57691.17,2026-08-10 14:00:00,NETBANKING,SUCCESS
TXN100731,M003,Nimbus Foods LLP,CUST90213,46856.92,2026-08-04 04:00:00,NETBANKING,SUCCESS
TXN100732,M004,Craftline Traders Pvt Ltd,CUST13418,35983.46,2026-08-08 21:00:00,NETBANKING,SUCCESS
TXN100733,M002,Bluewave Retail Pvt Ltd,CUST75840,41444.41,2026-08-16 04:00:00,WALLET,SUCCESS
TXN100734,M006,SUNDROP ORGANICS,CUST28024,11446.6,2026-08-13 15:00:00,CARD,SUCCESS
TXN100735,M004,Craftline Traders Pvt Ltd,CUST45370,13963.25,2026-08-14 00:00:00,WALLET,SUCCESS
TXN100736,M004,Craftline Traders Pvt Ltd,CUST18668,44670.82,2026-08-07 06:00:00,CARD,SUCCESS
TXN100737,M008,Harbor Analytics Pvt Ltd,CUST52584,52094.18,2026-08-16 22:00:00,WALLET,SUCCESS
TXN100738,M004,Craftline Traders Pvt Ltd,CUST59856,25939.56,2026-08-02 19:00:00,NETBANKING,SUCCESS
TXN100739,M007,Velocity Logistics Pvt Ltd,CUST80275,36884.54,2026-08-19 19:00:00,UPI,SUCCESS
TXN100740,M002,Bluewave Retail Pvt Ltd,CUST15144,27370.77,2026-08-02 07:00:00,WALLET,SUCCESS
TXN100741,M001,ABC Technologies Pvt Ltd,CUST49918,11796.1,2026-08-15 12:00:00,NETBANKING,SUCCESS
TXN100741,M001,ABC Technologies Pvt Ltd,CUST49918,11796.1,2026-08-15 12:00:00,NETBANKING,SUCCESS
TXN100742,M008,Harbor Analytics Pvt Ltd,CUST17149,10405.95,2026-08-10 19:00:00,CARD,SUCCESS
TXN100743,M008,Harbor Analytics Pvt Ltd,CUST75622,49878.66,2026-08-15 02:00:00,UPI,SUCCESS
TXN100744,M003,Nimbus Foods LLP,CUST69098,46834.5,2026-08-18 04:00:00,UPI,SUCCESS
TXN100745,M003,Nimbus Foods LLP,CUST21820,27494.0,2026-08-07 14:00:00,NETBANKING,SUCCESS
TXN100746,M006,Sundrop Organics Pvt Ltd,CUST26193,41657.19,2026-08-06 22:00:00,UPI,SUCCESS
TXN100747,M002,Bluewave Retail Pvt Ltd,CUST21181,42520.49,2026-08-21 11:00:00,WALLET,SUCCESS
TXN100748,M003,Nimbus Foods LLP,CUST32398,23031.38,2026-08-13 01:00:00,NETBANKING,SUCCESS
TXN100749,M003,Nimbus Foods LLP,CUST16725,10146.38,2026-08-05 05:00:00,WALLET,SUCCESS
TXN100750,M005,Orbit Mobility Pvt Ltd,CUST92110,18916.34,2026-08-15 09:00:00,CARD,SUCCESS
TXN100751,M002,Bluewave Retail Pvt Ltd,CUST43175,53963.24,2026-08-07 00:00:00,UPI,SUCCESS
TXN100752,M008,Harbor Analytics Pvt Ltd,CUST41179,30108.84,2026-08-16 17:00:00,CARD,SUCCESS
TXN100753,M008,Harbor Analytics Pvt Ltd,CUST88802,27497.44,2026-08-15 02:00:00,UPI,SUCCESS
TXN100754,M004,Craftline Traders Pvt Ltd,CUST92396,52988.99,2026-08-09 19:00:00,CARD,SUCCESS
TXN100755,M001,ABC Technologies Pvt Ltd,CUST29054,11497.98,2026-08-02 20:00:00,UPI,SUCCESS
TXN100756,M005,Orbit Mobility Pvt Ltd,CUST24272,20201.11,2026-08-03 01:00:00,WALLET,SUCCESS
TXN100757,M003,Nimbus Foods LLP,CUST96628,10099.45,2026-08-10 19:00:00,CARD,SUCCESS
TXN100758,M008,Harbor Analytics Pvt Ltd,CUST22206,45085.42,2026-08-12 01:00:00,NETBANKING,SUCCESS
TXN100759,M006,Sundrop Organics Pvt Ltd,CUST48382,22429.88,2026-08-13 02:00:00,WALLET,SUCCESS
TXN100760,M003,Nimbus Foods LLP,CUST78766,7760.38,2026-08-09 10:00:00,CARD,SUCCESS
TXN100761,M004,Craftline Traders Pvt Ltd,CUST73394,36917.2,2026-08-04 18:00:00,NETBANKING,SUCCESS
TXN100762,M007,Velocity Logistics Pvt Ltd,CUST78864,36726.25,2026-08-11 08:00:00,NETBANKING,SUCCESS
TXN100763,M003,Nimbus Foods LLP,CUST92818,37050.25,2026-08-16 16:00:00,WALLET,SUCCESS
TXN100764,M008,Harbor Analytics Pvt Ltd,CUST48074,48574.83,2026-08-20 07:00:00,CARD,SUCCESS
TXN100765,M001,ABC Technologies Pvt Ltd,CUST25456,7533.32,2026-08-15 20:00:00,CARD,SUCCESS
TXN100766,M007,Velocity Logistics Pvt Ltd,CUST83454,25135.45,2026-08-11 11:00:00,CARD,SUCCESS
TXN100767,M001,ABC Technologies Pvt Ltd,CUST18891,38616.79,2026-08-10 08:00:00,NETBANKING,SUCCESS
TXN100768,M005,Orbit Mobility Pvt Ltd,CUST24920,30648.03,2026-08-11 00:00:00,NETBANKING,SUCCESS
TXN100769,M006,Sundrop Organics Pvt Ltd,CUST13816,24064.93,2026-08-19 19:00:00,CARD,SUCCESS
TXN100769,M006,Sundrop Organics Pvt Ltd,CUST13816,24064.93,2026-08-19 19:00:00,CARD,SUCCESS
TXN100770,M004,Craftline Traders Pvt Ltd,CUST14660,20165.63,2026-08-11 21:00:00,CARD,SUCCESS
TXN100771,M008,Harbor Analytics Pvt Ltd,CUST64257,9745.48,2026-08-15 17:00:00,UPI,SUCCESS
TXN100772,M005,Orbit Mobility Pvt Ltd,CUST37297,34114.09,2026-08-11 17:00:00,NETBANKING,SUCCESS
TXN100773,M006,Sundrop Organics Pvt Ltd,CUST14085,4439.68,2026-08-05 08:00:00,NETBANKING,SUCCESS
TXN100774,M007,Velocity Logistics Pvt Ltd,CUST34560,37777.4,2026-08-06 18:00:00,UPI,SUCCESS
TXN100775,M005,Orbit Mobility Pvt Ltd,CUST14145,42463.34,2026-08-11 22:00:00,NETBANKING,SUCCESS
TXN100776,M007,Velocity Logistics Pvt Ltd,CUST38329,5664.47,2026-08-08 11:00:00,NETBANKING,SUCCESS
TXN100777,M003,Nimbus Foods LLP,CUST22137,7177.76,2026-08-02 06:00:00,WALLET,SUCCESS
TXN100778,M001,ABC Technologies Pvt Ltd,CUST34931,48042.0,2026-08-17 04:00:00,NETBANKING,SUCCESS
TXN100779,M008,Harbor Analytics Pvt Ltd,CUST52904,44080.24,2026-08-17 09:00:00,CARD,SUCCESS
TXN100780,M002,Bluewave Retail Pvt Ltd,CUST27395,49417.24,2026-08-17 21:00:00,CARD,SUCCESS
TXN100781,M001,ABC Technologies Pvt Ltd,CUST10538,27832.42,2026-08-17 03:00:00,NETBANKING,SUCCESS
TXN100782,M001,ABC Technologies Pvt Ltd,CUST53684,41379.61,2026-08-20 02:00:00,WALLET,SUCCESS
TXN100783,M001,ABC Technologies Pvt Ltd,CUST85701,6634.62,2026-08-10 00:00:00,NETBANKING,SUCCESS
TXN100783,M001,ABC Technologies Pvt Ltd,CUST85701,6634.62,2026-08-10 00:00:00,NETBANKING,SUCCESS
TXN100784,M004,Craftline Traders Pvt Ltd,CUST46261,19592.38,2026-08-07 09:00:00,NETBANKING,SUCCESS
TXN100785,M008,Harbor Analytics Pvt Ltd,CUST30643,40431.88,2026-08-09 04:00:00,NETBANKING,SUCCESS
TXN100786,M002,Bluewave Retail Pvt Ltd,CUST77378,1407.77,2026-08-20 17:00:00,UPI,SUCCESS
TXN100787,M004,Craftline Traders Pvt Ltd,CUST45527,32780.46,2026-08-18 10:00:00,CARD,SUCCESS
TXN100788,M005,Orbit Mobility Pvt Ltd,CUST50812,34657.94,2026-08-06 02:00:00,NETBANKING,SUCCESS
TXN100789,M008,Harbor Analytics Pvt Ltd,CUST98538,3518.21,2026-08-01 15:00:00,UPI,SUCCESS
TXN100790,M002,Bluewave Retail Pvt Ltd,CUST88134,23324.18,2026-08-03 13:00:00,WALLET,SUCCESS
TXN100791,M006,Sundrop Organics Pvt Ltd,CUST97932,19090.22,2026-08-07 22:00:00,UPI,SUCCESS
TXN100792,M008,Harbor Analytics Pvt Ltd,CUST50683,34283.46,2026-08-03 22:00:00,WALLET,SUCCESS
TXN100793,M008,Harbor Analytics Pvt Ltd,CUST43823,14285.81,2026-08-08 04:00:00,NETBANKING,SUCCESS
TXN100794,M007,Velocity Logistics Pvt Ltd,CUST69412,11409.51,2026-08-11 10:00:00,WALLET,SUCCESS
TXN100795,M001,ABC Technologies Pvt Ltd,CUST72737,4389.23,2026-08-04 11:00:00,WALLET,SUCCESS
TXN100796,M003,Nimbus Foods LLP,CUST85324,17294.31,2026-08-12 19:00:00,CARD,SUCCESS
TXN100797,M002,Bluewave Retail Pvt Ltd,CUST82895,24638.32,2026-08-04 10:00:00,UPI,SUCCESS
TXN100798,M005,Orbit Mobility Pvt Ltd,CUST91379,32198.36,2026-08-13 18:00:00,CARD,SUCCESS
TXN100799,M003,Nimbus Foods LLP,CUST54658,58446.56,2026-08-13 02:00:00,CARD,SUCCESS
TXN100800,M007,Velocity Logistics Pvt Ltd,CUST54852,47166.68,2026-08-14 18:00:00,CARD,SUCCESS
TXN100801,M003,Nimbus Foods LLP,CUST85260,39925.43,2026-08-03 23:00:00,WALLET,SUCCESS
TXN100802,M002,Bluewave Retail Pvt Ltd,CUST68355,35733.71,2026-08-15 10:00:00,CARD,SUCCESS
TXN100803,M005,Orbit Mobility Pvt Ltd,CUST24253,57375.07,2026-08-03 19:00:00,WALLET,SUCCESS
TXN100803,M005,Orbit Mobility Pvt Ltd,CUST24253,57375.07,2026-08-03 19:00:00,WALLET,SUCCESS
TXN100804,M006,Sundrop Organics Pvt Ltd,CUST38522,29910.56,2026-08-02 02:00:00,CARD,SUCCESS
TXN100805,M001,ABC Technologies Pvt Ltd,CUST79632,45546.12,2026-08-05 14:00:00,NETBANKING,SUCCESS
TXN100806,M007,Velocity Logistics Pvt Ltd,CUST51497,37126.54,2026-08-15 06:00:00,NETBANKING,SUCCESS
TXN100807,M005,Orbit Mobility Pvt Ltd,CUST55123,55150.85,2026-08-14 22:00:00,UPI,SUCCESS
TXN100808,M001,ABC Technologies Pvt Ltd,CUST26718,36883.7,2026-08-17 12:00:00,NETBANKING,SUCCESS
TXN100809,M001,ABC Technologies Pvt Ltd,CUST10110,22468.76,2026-08-18 01:00:00,NETBANKING,SUCCESS
TXN100809,M001,ABC Technologies Pvt Ltd,CUST10110,22468.76,2026-08-18 01:00:00,NETBANKING,SUCCESS
TXN100810,M002,Bluewave Retail Pvt Ltd,CUST66585,51744.25,2026-08-01 07:00:00,WALLET,SUCCESS
TXN100811,M006,Sundrop Organics Pvt Ltd,CUST67041,42850.53,2026-08-13 12:00:00,CARD,SUCCESS
TXN100812,M003,Nimbus Foods LLP,CUST57223,28754.85,2026-08-07 17:00:00,WALLET,SUCCESS
TXN100813,M003,Nimbus Foods LLP,CUST28873,17664.02,2026-08-05 04:00:00,WALLET,SUCCESS
TXN100814,M007,Velocity Logistics Pvt Ltd,CUST69772,58511.01,2026-08-05 02:00:00,WALLET,SUCCESS
TXN100815,M003,Nimbus Foods LLP,CUST68988,27536.46,2026-08-14 17:00:00,WALLET,SUCCESS
TXN100816,M006,Sundrop Organics Pvt Ltd,CUST10973,13931.58,2026-08-14 19:00:00,WALLET,SUCCESS
TXN100817,M004,Craftline Traders Pvt Ltd,CUST85543,42871.73,2026-08-09 13:00:00,NETBANKING,SUCCESS
TXN100818,M001,Abc Technologies P Ltd,CUST58310,58704.89,2026-08-19 15:00:00,UPI,SUCCESS
TXN100819,M008,Harbor Analytics Pvt Ltd,CUST78997,57723.4,2026-08-03 04:00:00,NETBANKING,SUCCESS
TXN100820,M008,Harbor Analytics Pvt Ltd,CUST21592,31258.5,2026-08-17 19:00:00,CARD,SUCCESS
TXN100821,M008,Harbor Analytics Pvt Ltd,CUST93058,38024.44,2026-08-03 21:00:00,NETBANKING,SUCCESS
TXN100822,M001,ABC Technologies Pvt Ltd,CUST71455,54263.32,2026-08-18 00:00:00,WALLET,SUCCESS
TXN100823,M008,Harbor Analytics Pvt Ltd,CUST48616,34650.94,2026-08-11 13:00:00,NETBANKING,SUCCESS
TXN100824,M003,Nimbus Foods LLP,CUST49855,2601.91,2026-08-20 23:00:00,NETBANKING,SUCCESS
TXN100825,M001,ABC Technologies Pvt Ltd,CUST85085,37943.35,2026-08-19 05:00:00,UPI,SUCCESS
TXN100826,M005,Orbit Mobility Pvt Ltd,CUST47593,48629.3,2026-08-20 00:00:00,WALLET,SUCCESS
TXN100827,M002,Bluewave Retail Pvt Ltd,CUST43036,8045.87,2026-08-03 08:00:00,CARD,SUCCESS
TXN100827,M002,Bluewave Retail Pvt Ltd,CUST43036,8045.87,2026-08-03 08:00:00,CARD,SUCCESS
TXN100828,M005,Orbit Mobility Pvt Ltd,CUST24621,16875.42,2026-08-09 00:00:00,CARD,SUCCESS
TXN100829,M003,Nimbus Foods LLP,CUST44242,39719.76,2026-08-12 05:00:00,CARD,SUCCESS
TXN100830,M008,Harbor Analytics Pvt Ltd,CUST21062,11258.15,2026-08-17 01:00:00,CARD,SUCCESS
TXN100831,M003,Nimbus Foods LLP,CUST41188,50338.05,2026-08-14 12:00:00,WALLET,SUCCESS
TXN100832,M003,Nimbus Foods LLP,CUST25203,13045.98,2026-08-12 01:00:00,UPI,SUCCESS
TXN100833,M003,Nimbus Foods LLP,CUST72425,28108.89,2026-08-16 09:00:00,CARD,SUCCESS
TXN100834,M007,Velocity Logistics Pvt Ltd,CUST44422,41168.84,2026-08-13 15:00:00,CARD,SUCCESS
TXN100835,M007,Velocity Logistics Pvt Ltd,CUST98931,1205.85,2026-08-15 12:00:00,NETBANKING,SUCCESS
TXN100836,M001,ABC Technologies Pvt Ltd,CUST56376,6293.18,2026-08-18 20:00:00,WALLET,SUCCESS
TXN100837,M005,Orbit Mobility Pvt Ltd,CUST43468,20430.56,2026-08-09 03:00:00,WALLET,SUCCESS
TXN100838,M008,Harbor Analytics Pvt Ltd,CUST98065,46502.49,2026-08-08 23:00:00,CARD,SUCCESS
TXN100839,M006,Sundrop Organics Pvt Ltd,CUST98185,40824.23,2026-08-06 10:00:00,UPI,SUCCESS
TXN100840,M002,Bluewave Retail Pvt Ltd,CUST56073,1211.7,2026-08-04 16:00:00,CARD,SUCCESS
TXN100841,M005,Orbit Mobility Pvt Ltd,CUST91185,15487.82,2026-08-02 00:00:00,UPI,SUCCESS
TXN100842,M001,ABC Technologies Pvt Ltd,CUST21322,56341.08,2026-08-07 19:00:00,CARD,SUCCESS
TXN100843,M007,Velocity Logistics Pvt Ltd,CUST34217,39555.48,2026-08-21 18:00:00,UPI,SUCCESS
TXN100844,M003,Nimbus Foods LLP,CUST19924,15573.48,2026-08-15 21:00:00,WALLET,SUCCESS
TXN100845,M005,Orbit Mobility Pvt Ltd,CUST31229,46276.87,2026-08-11 08:00:00,UPI,SUCCESS
TXN100846,M005,Orbit Mobility Pvt Ltd,CUST43847,46737.8,2026-08-13 12:00:00,NETBANKING,SUCCESS
TXN100847,M003,Nimbus Foods LLP,CUST89993,26714.2,2026-08-16 06:00:00,WALLET,SUCCESS
TXN100848,M003,Nimbus Foods LLP,CUST80861,38906.25,2026-08-04 04:00:00,WALLET,SUCCESS
TXN100849,M004,Craftline Traders Pvt Ltd,CUST43947,37030.99,2026-08-04 14:00:00,UPI,SUCCESS
TXN100850,M001,ABC Technologies Pvt Ltd,CUST42846,4838.71,2026-08-19 23:00:00,WALLET,SUCCESS
TXN100851,M001,ABC Technologies Pvt Ltd,CUST93930,53842.49,2026-08-05 20:00:00,UPI,SUCCESS
TXN100852,M001,ABC Technologies Pvt Ltd,CUST53231,40044.05,2026-08-09 04:00:00,WALLET,SUCCESS
TXN100853,M001,ABC Technologies Pvt Ltd,CUST67154,31165.29,2026-08-16 15:00:00,WALLET,SUCCESS
TXN100854,M002,Bluewave Retail Pvt Ltd,CUST73185,32637.66,2026-08-01 12:00:00,UPI,SUCCESS
TXN100855,M006,Sundrop Organics Pvt Ltd,CUST17234,20339.66,2026-08-10 12:00:00,UPI,SUCCESS
TXN100856,M006,Sundrop Organics Pvt Ltd,CUST94907,32310.26,2026-08-11 02:00:00,CARD,SUCCESS
TXN100857,M003,Nimbus Foods LLP,CUST35035,33491.29,2026-08-13 21:00:00,NETBANKING,SUCCESS
TXN100858,M007,Velocity Logistics Pvt Ltd,CUST92941,53839.41,2026-08-21 22:00:00,WALLET,SUCCESS
TXN100859,M004,Craftline Traders Pvt Ltd,CUST87718,8826.61,2026-08-07 00:00:00,CARD,SUCCESS
TXN100860,M008,Harbor Analytics Pvt Ltd,CUST50334,23631.67,2026-08-18 20:00:00,WALLET,SUCCESS
TXN100861,M008,HARBOR ANALYTICS,CUST17347,58011.16,2026-08-01 01:00:00,NETBANKING,SUCCESS
TXN100862,M001,ABC Technologies Pvt Ltd,CUST97466,24627.72,2026-08-07 20:00:00,WALLET,SUCCESS
TXN100863,M003,Nimbus Foods LLP,CUST14833,44592.56,2026-08-08 02:00:00,CARD,SUCCESS
TXN100864,M008,Harbor Analytics Pvt Ltd,CUST16003,39402.98,2026-08-16 19:00:00,CARD,SUCCESS
TXN100865,M003,Nimbus Foods LLP,CUST69793,1354.73,2026-08-21 01:00:00,CARD,SUCCESS
TXN100866,M002,Bluewave Retail Pvt Ltd,CUST90691,49159.11,2026-08-04 03:00:00,CARD,SUCCESS
TXN100867,M002,Bluewave Retail Pvt Ltd,CUST98918,48364.99,2026-08-14 10:00:00,WALLET,SUCCESS
TXN100868,M006,Sundrop Organics Pvt Ltd,CUST28000,7687.75,2026-08-19 17:00:00,NETBANKING,SUCCESS
TXN100869,M004,Craftline Traders Pvt Ltd,CUST25826,45971.56,2026-08-19 05:00:00,NETBANKING,SUCCESS
TXN100870,M003,Nimbus Foods LLP,CUST58487,45574.23,2026-08-06 22:00:00,CARD,SUCCESS
TXN100871,M008,Harbor Analytics Pvt Ltd,CUST92863,14996.85,2026-08-19 01:00:00,WALLET,SUCCESS
TXN100872,M003,Nimbus Foods LLP,CUST10832,1430.0,2026-08-16 02:00:00,UPI,SUCCESS
TXN100873,M003,Nimbus Foods LLP,CUST64555,55605.15,2026-08-21 18:00:00,WALLET,SUCCESS
TXN100874,M003,Nimbus Food LLP,CUST69037,12766.53,2026-08-21 08:00:00,WALLET,SUCCESS
TXN100875,M004,Craftline Traders Pvt Ltd,CUST14931,56316.33,2026-08-20 22:00:00,CARD,SUCCESS
TXN100876,M008,Harbor Analytics Pvt Ltd,CUST49478,36916.96,2026-08-03 20:00:00,NETBANKING,SUCCESS
TXN100877,M007,Velocity Logistics Pvt. Ltd.,CUST79494,771.92,2026-08-08 06:00:00,UPI,SUCCESS
TXN100878,M006,Sundrop Organics Pvt Ltd,CUST38740,51832.5,2026-08-18 16:00:00,WALLET,SUCCESS
TXN100879,M004,Craftline Traders Pvt Ltd,CUST29558,16947.38,2026-08-07 03:00:00,WALLET,SUCCESS
TXN100880,M008,Harbor Analytics Pvt Ltd,CUST94523,10991.27,2026-08-02 01:00:00,NETBANKING,SUCCESS
TXN100881,M005,Orbit Mobility Pvt Ltd,CUST15677,12970.59,2026-08-09 10:00:00,UPI,SUCCESS
TXN100882,M001,ABC Technologies Pvt Ltd,CUST13809,55529.25,2026-08-06 05:00:00,WALLET,SUCCESS
TXN100883,M002,Bluewave Retail Pvt Ltd,CUST64927,4716.14,2026-08-08 23:00:00,CARD,SUCCESS
TXN100884,M006,Sundrop Organics Pvt Ltd,CUST39855,14188.76,2026-08-04 10:00:00,UPI,SUCCESS
TXN100885,M004,Craftline Traders Pvt Ltd,CUST71733,44396.0,2026-08-07 12:00:00,WALLET,SUCCESS
TXN100886,M001,ABC Technologies Pvt Ltd,CUST33338,53484.09,2026-08-05 06:00:00,WALLET,SUCCESS
TXN100887,M006,Sundrop Organics Pvt Ltd,CUST57001,8616.07,2026-08-07 20:00:00,NETBANKING,SUCCESS
TXN100888,M004,Craftline Traders Pvt Ltd,CUST84536,20485.53,2026-08-02 22:00:00,UPI,SUCCESS
TXN100889,M005,Orbit Mobility Pvt Ltd,CUST64817,8621.84,2026-08-15 14:00:00,CARD,SUCCESS
TXN100890,M006,Sundrop Organics Pvt Ltd,CUST30550,13581.29,2026-08-10 19:00:00,CARD,SUCCESS
TXN100891,M004,Craftline Traders Pvt Ltd,CUST38369,5645.22,2026-08-17 15:00:00,WALLET,SUCCESS
TXN100892,M008,Harbor Analytics Pvt Ltd,CUST42329,17110.67,2026-08-14 23:00:00,CARD,SUCCESS
TXN100893,M006,Sundrop Organics Pvt Ltd,CUST29525,26337.8,2026-08-08 18:00:00,UPI,SUCCESS
TXN100894,M007,Velocity Logistics Pvt Ltd,CUST76088,58820.95,2026-08-02 15:00:00,UPI,SUCCESS
TXN100895,M007,Velocity Logistics Pvt Ltd,CUST22844,32101.74,2026-08-16 22:00:00,WALLET,SUCCESS
TXN100896,M008,Harbor Analytics Pvt Ltd,CUST63296,14810.43,2026-08-18 00:00:00,CARD,SUCCESS
TXN100897,M003,Nimbus Foods LLP,CUST21892,21825.14,2026-08-08 20:00:00,UPI,SUCCESS
TXN100898,M008,Harbor Analytics Pvt Ltd,CUST69616,40307.62,2026-08-06 22:00:00,WALLET,SUCCESS
TXN100899,M003,Nimbus Foods LLP,CUST92157,52514.84,2026-08-13 05:00:00,WALLET,SUCCESS
TXN100900,M001,ABC Technologies Pvt Ltd,CUST53634,51692.77,2026-08-03 12:00:00,UPI,SUCCESS
TXN100901,M005,Orbit Mobility Pvt Ltd,CUST90281,25841.18,2026-08-09 22:00:00,CARD,SUCCESS
TXN100902,M002,Bluewave Retail Pvt. Ltd.,CUST77467,37417.09,2026-08-11 23:00:00,NETBANKING,SUCCESS
TXN100903,M001,ABC Technologies Pvt Ltd,CUST58029,7102.51,2026-08-12 14:00:00,CARD,SUCCESS
TXN100904,M002,Bluewave Retail Pvt Ltd,CUST53899,33865.11,2026-08-07 04:00:00,CARD,SUCCESS
TXN100905,M002,Bluewave Retail Pvt. Ltd.,CUST39548,39117.78,2026-08-19 22:00:00,NETBANKING,SUCCESS
TXN100906,M006,Sundrop Organics Pvt Ltd,CUST65434,53927.02,2026-08-17 21:00:00,NETBANKING,SUCCESS
TXN100907,M001,ABC Technologies Pvt Ltd,CUST71625,4270.47,2026-08-12 14:00:00,NETBANKING,SUCCESS
TXN100908,M008,Harbor Analytics Pvt Ltd,CUST70014,37446.6,2026-08-03 06:00:00,UPI,SUCCESS
TXN100909,M002,Bluewave Retail Pvt Ltd,CUST20085,23745.61,2026-08-06 09:00:00,UPI,SUCCESS
TXN100910,M003,Nimbus Foods LLP,CUST29726,16918.59,2026-08-05 15:00:00,CARD,SUCCESS
TXN100911,M001,ABC Technologies Pvt Ltd,CUST72115,17943.58,2026-08-18 04:00:00,NETBANKING,SUCCESS
TXN100912,M007,Velocity Logistics Pvt Ltd,CUST48209,26909.67,2026-08-21 00:00:00,CARD,SUCCESS
TXN100913,M002,Blue Wave Retail Pvt Ltd,CUST54024,1811.18,2026-08-08 16:00:00,WALLET,SUCCESS
TXN100914,M006,Sundrop Organics Pvt Ltd,CUST79489,39517.75,2026-08-11 15:00:00,WALLET,SUCCESS
TXN100915,M008,Harbor Analytics Pvt Ltd,CUST44079,18592.9,2026-08-05 09:00:00,CARD,SUCCESS
TXN100916,M008,Harbor Analytics Pvt Ltd,CUST29443,22628.19,2026-08-10 01:00:00,NETBANKING,SUCCESS
TXN100916,M008,Harbor Analytics Pvt Ltd,CUST29443,22628.19,2026-08-10 01:00:00,NETBANKING,SUCCESS
TXN100917,M005,Orbit Mobility Pvt Ltd,CUST31075,27627.63,2026-08-06 19:00:00,NETBANKING,SUCCESS
TXN100918,M003,Nimbus Foods LLP,CUST41182,58405.76,2026-08-05 05:00:00,UPI,SUCCESS
TXN100919,M001,ABC Technologies Pvt Ltd,CUST67788,59629.5,2026-08-19 04:00:00,NETBANKING,SUCCESS
TXN100919,M001,ABC Technologies Pvt Ltd,CUST67788,59629.5,2026-08-19 04:00:00,NETBANKING,SUCCESS
TXN100920,M006,Sundrop Organics Pvt Ltd,CUST14546,11477.55,2026-08-18 22:00:00,NETBANKING,SUCCESS
TXN100921,M006,Sundrop Organics Pvt. Ltd.,CUST79945,9302.68,2026-08-15 17:00:00,NETBANKING,SUCCESS
TXN100922,M002,Bluewave Retail Pvt Ltd,CUST29055,55265.82,2026-08-13 15:00:00,WALLET,SUCCESS
TXN100923,M006,Sundrop Organics Pvt Ltd,CUST72116,9785.17,2026-08-18 16:00:00,NETBANKING,SUCCESS
TXN100924,M003,Nimbus Foods LLP,CUST72781,48074.78,2026-08-15 10:00:00,UPI,SUCCESS
TXN100925,M003,Nimbus Foods LLP,CUST90939,40841.5,2026-08-04 09:00:00,CARD,SUCCESS
TXN100926,M008,Harbor Analytics Pvt Ltd,CUST89711,21764.92,2026-08-11 01:00:00,CARD,SUCCESS
TXN100927,M004,Craftline Traders Pvt Ltd,CUST12955,46986.36,2026-08-09 06:00:00,UPI,SUCCESS
TXN100928,M008,Harbor Analytics Pvt Ltd,CUST61697,40785.27,2026-08-03 16:00:00,CARD,SUCCESS
TXN100929,M008,Harbor Analytics Pvt Ltd,CUST97394,19406.59,2026-08-20 16:00:00,NETBANKING,SUCCESS
TXN100930,M007,Velocity Logistics Pvt Ltd,CUST60608,9302.78,2026-08-14 11:00:00,NETBANKING,SUCCESS
TXN100931,M001,ABC Technologies Pvt Ltd,CUST68402,17436.7,2026-08-12 09:00:00,UPI,SUCCESS
TXN100932,M004,Craftline Traders Pvt Ltd,CUST47831,43807.27,2026-08-15 23:00:00,CARD,SUCCESS
TXN100933,M007,Velocity Logistics Pvt Ltd,CUST28827,43852.03,2026-08-14 04:00:00,CARD,SUCCESS
TXN100934,M005,Orbit Mobility Pvt Ltd,CUST18665,28739.48,2026-08-17 10:00:00,WALLET,SUCCESS
TXN100934,M005,Orbit Mobility Pvt Ltd,CUST18665,28739.48,2026-08-17 10:00:00,WALLET,SUCCESS
TXN100935,M002,Bluewave Retail Pvt Ltd,CUST64331,893.82,2026-08-21 08:00:00,CARD,SUCCESS
TXN100936,M008,Harbor Analytics Pvt Ltd,CUST34380,42759.7,2026-08-05 06:00:00,WALLET,SUCCESS
TXN100937,M005,Orbit Mobility Pvt Ltd,CUST74762,33455.08,2026-08-02 09:00:00,WALLET,SUCCESS
TXN100938,M004,Craftline Traders Pvt Ltd,CUST44429,2096.98,2026-08-01 04:00:00,NETBANKING,SUCCESS
TXN100939,M008,Harbor Analytics Pvt Ltd,CUST33510,7888.53,2026-08-10 13:00:00,WALLET,SUCCESS
TXN100940,M004,Craftline Traders Pvt Ltd,CUST18745,2192.33,2026-08-09 15:00:00,NETBANKING,SUCCESS
TXN100941,M008,Harbor Analytics Pvt Ltd,CUST99903,34151.69,2026-08-09 20:00:00,WALLET,SUCCESS
TXN100942,M002,Bluewave Retail Pvt Ltd,CUST86238,22705.53,2026-08-19 00:00:00,UPI,SUCCESS
TXN100943,M003,Nimbus Foods LLP,CUST45739,19521.03,2026-08-05 11:00:00,NETBANKING,SUCCESS
TXN100944,M007,Velocity Logistics Pvt Ltd,CUST47992,38356.7,2026-08-12 01:00:00,NETBANKING,SUCCESS
TXN100945,M002,Bluewave Retail Pvt Ltd,CUST81265,31075.06,2026-08-21 05:00:00,NETBANKING,SUCCESS
TXN100946,M006,Sundrop Organics Pvt Ltd,CUST99842,49695.91,2026-08-10 08:00:00,NETBANKING,SUCCESS
TXN100947,M002,Bluewave Retail Pvt Ltd,CUST11690,32298.01,2026-08-12 04:00:00,CARD,SUCCESS
TXN100947,M002,Bluewave Retail Pvt Ltd,CUST11690,32298.01,2026-08-12 04:00:00,CARD,SUCCESS
TXN100948,M005,Orbit Mobility Pvt Ltd,CUST54605,22694.34,2026-08-16 13:00:00,CARD,SUCCESS
TXN100949,M002,Bluewave Retail Pvt Ltd,CUST34696,13463.63,2026-08-17 07:00:00,UPI,SUCCESS
TXN100950,M007,Velocity Logistics Pvt Ltd,CUST72851,27899.24,2026-08-03 03:00:00,NETBANKING,SUCCESS
TXN100951,M005,Orbit Mobility Pvt Ltd,CUST32571,41617.52,2026-08-05 14:00:00,NETBANKING,SUCCESS
TXN100952,M001,ABC Technologies Pvt Ltd,CUST26870,44795.38,2026-08-04 07:00:00,CARD,SUCCESS
TXN100953,M004,Craftline Traders Pvt Ltd,CUST65680,18791.99,2026-08-07 04:00:00,UPI,SUCCESS
TXN100954,M002,Bluewave Retail Pvt Ltd,CUST15572,1618.98,2026-08-16 13:00:00,CARD,SUCCESS
TXN100955,M002,Bluewave Retail Pvt Ltd,CUST25587,2451.17,2026-08-17 18:00:00,NETBANKING,SUCCESS
TXN100956,M001,ABC Technologies Pvt Ltd,CUST26225,4441.72,2026-08-01 03:00:00,CARD,SUCCESS
TXN100957,M004,Craftline Traders Pvt Ltd,CUST46356,11494.52,2026-08-12 00:00:00,NETBANKING,SUCCESS
TXN100958,M006,Sundrop Organics Pvt Ltd,CUST90341,10053.16,2026-08-17 23:00:00,CARD,SUCCESS
TXN100959,M002,Bluewave Retail Pvt Ltd,CUST46943,6396.79,2026-08-19 00:00:00,CARD,SUCCESS
TXN100960,M001,ABC Technologies Pvt Ltd,CUST76085,58428.0,2026-08-04 06:00:00,WALLET,SUCCESS
TXN100961,M006,Sundrop Organics Pvt Ltd,CUST33704,42038.91,2026-08-06 14:00:00,NETBANKING,SUCCESS
TXN100962,M007,Velocity Logistics Pvt Ltd,CUST63422,25733.46,2026-08-17 07:00:00,UPI,SUCCESS
TXN100963,M006,Sundrop Organics Pvt Ltd,CUST47784,7855.12,2026-08-04 16:00:00,UPI,SUCCESS
TXN100964,M002,Bluewave Retail Pvt Ltd,CUST47173,20022.87,2026-08-04 12:00:00,WALLET,SUCCESS
TXN100965,M005,Orbit Mobility Pvt Ltd,CUST82602,41379.27,2026-08-15 07:00:00,WALLET,SUCCESS
TXN100966,M005,Orbit Mobility Pvt Ltd,CUST72347,59105.26,2026-08-14 06:00:00,NETBANKING,SUCCESS
TXN100967,M003,Nimbus Foods LLP,CUST78506,1260.76,2026-08-16 21:00:00,UPI,SUCCESS
TXN100968,M002,Bluewave Retail Pvt Ltd,CUST87405,9030.37,2026-08-13 22:00:00,UPI,SUCCESS
TXN100969,M003,Nimbus Foods LLP,CUST26090,4350.27,2026-08-07 10:00:00,CARD,SUCCESS
TXN100970,M007,Velocity Logistics Pvt Ltd,CUST86273,43649.43,2026-08-09 22:00:00,NETBANKING,SUCCESS
TXN100971,M007,Velocity Logistics Pvt Ltd,CUST73508,21687.79,2026-08-20 12:00:00,NETBANKING,SUCCESS
TXN100972,M003,Nimbus Foods LLP,CUST42858,46195.97,2026-08-04 03:00:00,WALLET,SUCCESS
TXN100973,M008,Harbor Analytics Pvt Ltd,CUST16927,14233.9,2026-08-05 00:00:00,UPI,SUCCESS
TXN100974,M008,Harbor Analytics Pvt Ltd,CUST30019,40847.39,2026-08-06 12:00:00,NETBANKING,SUCCESS
TXN100975,M002,BLUEWAVE RETAIL,CUST36467,45730.2,2026-08-17 15:00:00,NETBANKING,SUCCESS
TXN100976,M008,Harbor Analytics Pvt Ltd,CUST55038,29669.9,2026-08-09 17:00:00,UPI,SUCCESS
TXN100977,M001,ABC Technologies Pvt Ltd,CUST68997,59447.34,2026-08-04 12:00:00,NETBANKING,SUCCESS
TXN100978,M007,Velocity Logistics Pvt Ltd,CUST33182,26832.09,2026-08-02 01:00:00,NETBANKING,SUCCESS
TXN100979,M003,Nimbus Foods LLP,CUST60997,29743.04,2026-08-05 09:00:00,WALLET,SUCCESS
TXN100980,M002,Bluewave Retail Pvt Ltd,CUST82585,34346.89,2026-08-16 21:00:00,WALLET,SUCCESS
TXN100981,M008,Harbor Analytics Pvt Ltd,CUST17305,33954.2,2026-08-06 16:00:00,WALLET,SUCCESS
TXN100982,M005,Orbit Mobility Pvt Ltd,CUST98668,29934.12,2026-08-13 19:00:00,NETBANKING,SUCCESS
TXN100983,M005,Orbit Mobility Pvt Ltd,CUST15913,19568.73,2026-08-01 18:00:00,CARD,SUCCESS
TXN100984,M006,Sundrop Organics Pvt Ltd,CUST91940,21258.17,2026-08-19 00:00:00,NETBANKING,SUCCESS
TXN100985,M007,Velocity Logistics Pvt Ltd,CUST56041,6292.33,2026-08-12 11:00:00,UPI,SUCCESS
TXN100986,M004,Craftline Traders Pvt Ltd,CUST87664,15233.03,2026-08-21 09:00:00,UPI,SUCCESS
TXN100987,M002,Bluewave Retail Pvt Ltd,CUST32253,52201.93,2026-08-04 10:00:00,UPI,SUCCESS
TXN100988,M006,Sundrop Organics Pvt Ltd,CUST77470,2723.97,2026-08-14 18:00:00,WALLET,SUCCESS
TXN100989,M005,Orbit Mobility Pvt Ltd,CUST12914,1713.94,2026-08-16 18:00:00,NETBANKING,SUCCESS
TXN100990,M007,Velocity Logistics Pvt Ltd,CUST22809,34436.04,2026-08-11 18:00:00,WALLET,SUCCESS
TXN100991,M002,Bluewave Retail Pvt Ltd,CUST75107,41606.41,2026-08-07 10:00:00,NETBANKING,SUCCESS
TXN100992,M003,Nimbus Foods LLP,CUST36444,37082.26,2026-08-12 13:00:00,WALLET,SUCCESS
TXN100993,M002,Bluewave Retail Pvt Ltd,CUST47664,50502.64,2026-08-18 06:00:00,NETBANKING,SUCCESS
TXN100994,M001,ABC Technologies Pvt Ltd,CUST39607,18190.56,2026-08-19 12:00:00,UPI,SUCCESS
TXN100995,M002,Bluewave Retail Pvt Ltd,CUST84242,35715.95,2026-08-09 02:00:00,WALLET,SUCCESS
TXN100996,M007,Velocity Logistics Pvt Ltd,CUST76144,12979.48,2026-08-03 20:00:00,NETBANKING,SUCCESS
TXN100997,M007,Velocity Logistics Pvt Ltd,CUST64304,39975.67,2026-08-11 06:00:00,WALLET,SUCCESS
TXN100998,M005,Orbit Mobility Pvt Ltd,CUST81770,37685.35,2026-08-15 21:00:00,CARD,SUCCESS
TXN100999,M001,ABC Technologies Pvt Ltd,CUST37912,37856.71,2026-08-17 05:00:00,WALLET,SUCCESS
