settlement_id,transaction_id,gross_amount,fee,tax,net_amount,settlement_date,status
SETL200000,TXN100000,4048.46,61.94,11.15,3975.37,2026-08-11,SETTLED
SETL200002,TXN100002,26546.65,427.09,76.88,26042.68,2026-08-21,SETTLED
SETL200003,TXN100003,2038.96,45.67,8.22,1985.07,2026-08-09,SETTLED
SETL200004,TXN100004,34786.7,973.39,175.21,33638.1,2026-08-07,SETTLED
SETL200006,TXN100006,21203.68,342.14,61.59,20799.95,2026-08-12,SETTLED
SETL200007,TXN100007,20123.32,358.2,64.48,19700.64,2026-08-17,SETTLED
SETL200008,TXN100008,27562.14,591.83,106.53,26863.78,2026-08-12,SETTLED
SETL200009,TXN100009,51962.18,1246.9,224.44,50490.84,2026-08-02,SETTLED
SETL200010,TXN100010,3725.14,94.03,16.93,2369.67,2026-08-18,SETTLED
SETL200011,TXN100011,12611.72,271.89,48.94,12290.89,2026-08-19,SETTLED
SETL200012,TXN100012,7724.85,127.83,23.01,7574.01,2026-08-22,SETTLED
SETL200013,TXN100013,6045.95,149.5,26.91,5869.54,2026-08-05,SETTLED
SETL200014,TXN100014,55992.86,895.29,161.15,54936.42,2026-08-11,SETTLED
SETL200015,TXN100015,15001.99,243.53,43.84,14714.62,2026-08-19,SETTLED
SETL200017,TXN100017,17328.92,372.84,6.52,16949.56,2026-08-11,SETTLED
SETL200018,TXN100018,27069.57,481.84,86.73,26700.6,2026-08-17,SETTLED
SETL200019,TXN100019,58856.09,1012.32,182.22,57661.55,2026-08-09,SETTLED
SETL200020,TXN100020,3097.01,79.02,14.22,3003.77,2026-08-17,SETTLED
SETL200021,TXN100021,57907.05,925.72,166.63,56814.7,2026-08-06,SETTLED
SETL200022,TXN100022,52514.33,803.47,144.62,51566.24,2026-08-16,SETTLED
SETL200023,TXN100023,43485.41,932.59,167.87,42384.95,2026-08-15,SETTLED
SETL200024,TXN100024,37583.93,819.33,147.48,36617.12,2026-08-14,SETTLED
SETL200025,TXN100025,57271.31,1373.78,247.28,55650.25,2026-08-22,SETTLED
SETL200026,TXN100026,14468.83,221.37,39.85,14207.61,2026-08-11,SETTLED
SETL200027,TXN100027,45742.0,699.85,125.97,44916.18,2026-08-05,SETTLED
SETL200028,TXN100028,3236.46,71.26,12.83,3152.37,2026-08-03,SETTLED
SETL200029,TXN100029,9161.4,223.96,40.31,8897.13,2026-09-11,SETTLED
SETL200030,TXN100030,10916.63,194.32,34.98,10687.33,2026-08-23,SETTLED
SETL200031,TXN100031,27938.42,480.54,86.5,15432.85,2026-08-10,SETTLED
SETL200032,TXN100032,40817.85,914.32,164.58,39738.95,2026-08-07,SETTLED
SETL200033,TXN100033,38516.85,862.78,155.3,37661.31,2026-08-15,SETTLED
SETL200034,TXN100034,6845.87,113.85,20.49,6711.53,2026-08-14,SETTLED
SETL200035,TXN100035,1805.41,40.44,7.28,1757.69,2026-08-14,SETTLED
SETL200036,TXN100036,50053.91,800.86,144.15,49108.9,2026-08-11,SETTLED
SETL200037,TXN100037,38378.76,660.11,118.82,37599.83,2026-08-21,SETTLED
SETL200039,TXN100039,5862.94,104.36,18.78,5739.8,2026-08-11,SETTLED
SETL200040,TXN100040,8363.51,143.85,25.89,8193.77,2026-08-19,SETTLED
SETL200041,TXN100041,15789.72,281.06,50.59,15458.07,2026-08-17,SETTLED
SETL200042,TXN100042,57792.15,923.9,166.3,56701.95,2026-08-06,SETTLED
SETL200043,TXN100043,5873.02,128.03,23.05,5721.94,2026-08-14,SETTLED
SETL200044,TXN100044,35281.33,790.3,142.25,34348.78,2026-08-22,SETTLED
SETL200045,TXN100045,1988.97,36.62,6.59,1945.76,2026-08-19,SETTLED
SETL200046,TXN100046,38306.53,586.09,105.5,37614.94,2026-08-16,SETTLED
SETL200047,TXN100047,8816.73,134.9,24.28,8657.55,2026-08-03,SETTLED
SETL200048,TXN100048,23624.43,420.51,75.69,23128.23,2026-08-13,SETTLED
SETL200049,TXN100049,53182.12,946.64,170.4,52490.24,2026-08-22,SETTLED
SETL200050,TXN100050,13427.55,292.72,52.69,13082.14,2026-08-19,SETTLED
SETL200051,TXN100051,4102.73,89.44,16.1,3997.19,2026-08-10,SETTLED
SETL200052,TXN100052,39934.74,611.0,109.98,39213.76,2026-08-22,SETTLED
SETL200053,TXN100053,47314.28,1014.53,182.62,45712.99,2026-08-09,SETTLED
SETL200054,TXN100054,48876.65,840.68,151.32,47884.65,2026-08-09,SETTLED
SETL200055,TXN100055,32642.82,581.04,104.59,31957.19,2026-08-07,SETTLED
SETL200056,TXN100056,1384.19,24.64,4.44,1355.11,2026-08-09,SETTLED
SETL200057,TXN100057,16289.37,289.95,52.19,15947.23,2026-08-06,SETTLED
SETL200058,TXN100058,28836.63,441.2,79.42,28316.01,2026-08-13,SETTLED
SETL200059,TXN100059,30478.4,489.61,88.13,29900.66,2026-08-21,SETTLED
SETL200060,TXN100060,38778.77,621.58,111.88,38045.31,2026-08-02,SETTLED
SETL200061,TXN100061,41322.8,1272.74,229.09,39820.97,2026-08-17,SETTLED
SETL200062,TXN100062,36693.7,799.92,143.99,35749.79,2026-08-04,SETTLED
SETL200063,TXN100063,59680.35,1431.36,257.64,57991.35,2026-08-18,SETTLED
SETL200064,TXN100064,47689.22,729.65,131.34,46828.23,2026-08-29,SETTLED
SETL200065,TXN100065,53341.42,853.13,153.56,52334.73,2026-08-15,SETTLED
SETL200066,TXN100066,43911.94,1203.26,216.59,42492.09,2026-08-12,SETTLED
SETL200067,TXN100067,41365.85,736.31,132.54,40497.0,2026-08-17,SETTLED
SETL200068,TXN100068,26196.65,400.81,72.15,25723.69,2026-08-13,SETTLED
SETL200069,TXN100069,21539.09,519.78,93.56,20925.75,2026-08-15,SETTLED
SETL200070,TXN100070,21422.95,479.87,86.38,20856.7,2026-08-20,SETTLED
SETL200071,TXN100071,13842.57,225.1,40.52,13576.95,2026-08-05,SETTLED
SETL200072,TXN100072,45875.04,701.89,126.34,45046.81,2026-08-20,SETTLED
SETL200073,TXN100073,2222.71,49.79,8.96,2163.96,2026-08-10,SETTLED
SETL200074,TXN100074,863.29,18.82,3.39,841.08,2026-08-06,SETTLED
SETL200075,TXN100075,8941.54,136.81,24.63,8780.1,2026-08-22,SETTLED
SETL200077,TXN100077,46721.72,1018.53,183.34,45519.85,2026-08-20,SETTLED
SETL200078,TXN100078,9865.89,175.61,31.61,9658.67,2026-08-21,SETTLED
SETL200079,TXN100079,26865.22,601.78,108.32,26155.12,2026-08-20,SETTLED
SETL200080,TXN100080,45419.12,781.21,140.62,44497.29,2026-08-05,SETTLED
SETL200081,TXN100081,40853.96,915.13,164.72,39774.11,2026-08-20,SETTLED
SETL200082,TXN100082,13620.85,293.49,52.83,13274.53,2026-08-21,SETTLED
SETL200083,TXN100083,56746.78,1271.13,228.8,55246.85,2026-08-06,SETTLED
SETL200084,TXN100084,959.93,14.69,2.64,942.6,2026-08-15,SETTLED
SETL200085,TXN100085,4788.49,104.39,18.79,4606.88,2026-08-03,SETTLED
SETL200086,TXN100086,42715.19,1025.89,184.66,41504.64,2026-08-15,SETTLED
SETL200087,TXN100087,57988.88,1242.96,223.73,56522.19,2026-08-07,SETTLED
SETL200088,TXN100088,26484.35,405.21,22.44,26056.7,2026-08-05,SETTLED
SETL200089,TXN100089,52296.2,1254.88,225.88,50815.44,2026-08-12,SETTLED
SETL200090,TXN100090,30873.76,472.37,85.03,30316.36,2026-08-05,SETTLED
SETL200092,TXN100092,11040.19,168.91,0,10871.28,2026-08-22,SETTLED
SETL200093,TXN100093,51922.69,1131.91,203.74,50587.04,2026-08-22,SETTLED
SETL200094,TXN100094,28400.8,434.53,78.22,27888.05,2026-08-22,SETTLED
SETL200095,TXN100095,30686.54,668.97,120.41,29897.16,2026-08-11,SETTLED
SETL200096,TXN100096,22439.89,482.21,86.8,21870.88,2026-08-11,SETTLED
SETL200097,TXN100097,28031.34,674.95,121.49,27234.9,2026-08-19,SETTLED
SETL200098,TXN100098,19630.84,337.65,60.78,19232.41,2026-08-17,SETTLED
SETL200099,TXN100099,6658.36,110.87,19.96,6527.53,2026-08-12,SETTLED
SETL200100,TXN100100,15240.75,328.15,59.07,14853.53,2026-08-16,SETTLED
SETL200101,TXN100101,22684.69,494.53,89.02,22101.14,2026-08-11,SETTLED
SETL200102,TXN100102,4421.76,96.39,17.35,4308.02,2026-08-05,SETTLED
SETL200103,TXN100103,15493.75,347.06,62.47,15084.22,2026-08-21,SETTLED
SETL200104,TXN100104,55046.41,979.83,176.37,53890.21,2026-08-11,SETTLED
SETL200105,TXN100105,35904.95,639.11,115.04,35150.8,2026-08-04,SETTLED
SETL200106,TXN100106,48884.49,1065.68,191.82,47626.99,2026-08-18,SETTLED
SETL200107,TXN100107,1584.72,34.55,6.22,1543.95,2026-08-11,SETTLED
SETL200108,TXN100108,11924.31,194.6,35.03,11694.68,2026-08-06,SETTLED
SETL200109,TXN100109,30707.54,469.83,84.57,30153.14,2026-08-19,SETTLED
SETL200110,TXN100110,52645.37,1147.67,206.58,51291.12,2026-08-21,SETTLED
SETL200111,TXN100111,10153.71,180.74,32.53,9940.44,2026-08-21,SETTLED
SETL200112,TXN100112,22175.82,535.0,96.3,21544.52,2026-08-09,SETTLED
SETL200114,TXN100114,40859.26,890.73,160.33,39808.2,2026-08-20,SETTLED
SETL200115,TXN100115,30422.95,732.11,131.78,29559.06,2026-08-15,SETTLED
SETL200116,TXN100116,52509.96,839.91,151.18,51518.87,2026-08-19,SETTLED
SETL200117,TXN100117,5490.57,122.99,22.14,5345.44,2026-08-07,SETTLED
SETL200118,TXN100118,5956.96,147.37,26.53,5783.06,2026-08-09,SETTLED
SETL200119,TXN100119,3668.78,92.68,16.68,3559.42,2026-08-24,SETTLED
SETL200120,TXN100120,13860.06,302.15,54.39,13503.52,2026-08-12,SETTLED
SETL200121,TXN100121,17569.32,640.82,115.35,16813.15,2026-08-17,SETTLED
SETL200122,TXN100122,54398.52,1166.13,209.9,53022.49,2026-08-02,SETTLED
SETL200123,TXN100123,7115.62,175.06,31.51,6909.05,2026-08-11,SETTLED
SETL200124,TXN100124,14687.15,316.31,56.94,14313.9,2026-08-22,SETTLED
SETL200125,TXN100125,43253.39,743.96,133.91,42375.52,2026-08-11,SETTLED
SETL200126,TXN100126,40030.09,712.54,128.26,39189.29,2026-08-04,SETTLED
SETL200127,TXN100127,23732.0,509.86,91.77,23130.37,2026-08-17,SETTLED
SETL200128,TXN100128,15592.19,339.91,61.18,15191.1,2026-08-02,SETTLED
SETL200129,TXN100129,44109.99,758.69,136.56,43214.74,2026-08-22,SETTLED
SETL200130,TXN100130,32987.82,719.13,129.44,32139.25,2026-08-22,SETTLED
SETL200131,TXN100131,38088.28,610.6,109.91,37367.77,2026-08-06,SETTLED
SETL200132,TXN100132,12494.66,279.88,50.38,12164.4,2026-08-08,SETTLED
SETL200133,TXN100133,59352.8,1423.53,256.24,57673.03,2026-08-19,SETTLED
SETL200134,TXN100134,17523.6,301.41,54.25,17167.94,2026-08-03,SETTLED
SETL200135,TXN100135,48060.87,735.33,132.36,47193.18,2026-08-15,SETTLED
SETL200136,TXN100136,58436.55,1273.92,174.48,56988.15,2026-08-17,SETTLED
SETL200137,TXN100137,43761.34,669.55,120.52,42971.27,2026-08-04,SETTLED
SETL200139,TXN100139,27031.99,605.52,108.99,26317.48,2026-08-15,SETTLED
SETL200140,TXN100140,3020.13,53.02,9.54,2957.57,2026-08-13,SETTLED
SETL200141,TXN100141,4964.95,108.25,19.48,4837.22,2026-08-22,SETTLED
SETL200142,TXN100142,8995.38,194.5,35.01,8765.87,2026-08-21,SETTLED
SETL200143,TXN100143,4500.39,80.11,14.42,4405.86,2026-08-22,SETTLED
SETL200144,TXN100144,36503.14,783.17,140.97,35579.0,2026-08-19,SETTLED
SETL200145,TXN100145,32002.86,569.65,102.54,31330.67,2026-08-14,SETTLED
SETL200146,TXN100146,30193.12,537.44,96.74,29558.94,2026-08-14,SETTLED
SETL200147,TXN100147,42390.25,949.54,170.92,41269.79,2026-08-11,SETTLED
SETL200148,TXN100148,8575.84,131.21,23.62,8421.01,2026-08-06,SETTLED
SETL200149,TXN100149,40236.47,877.16,157.89,39495.4,2026-08-04,SETTLED
SETL200150,TXN100150,30770.97,670.81,120.75,29572.98,2026-08-05,SETTLED
SETL200151,TXN100151,33464.28,729.52,131.31,32603.45,2026-08-13,SETTLED
SETL200152,TXN100152,4412.01,67.5,12.15,4332.36,2026-08-14,SETTLED
SETL200153,TXN100153,49488.69,1187.78,213.8,48087.11,2026-08-04,SETTLED
SETL200154,TXN100154,28217.08,453.65,81.66,27681.77,2026-08-18,SETTLED
SETL200155,TXN100155,26240.79,467.09,84.08,25689.62,2026-08-03,SETTLED
SETL200156,TXN100156,10297.1,230.66,41.52,10024.92,2026-08-12,SETTLED
SETL200157,TXN100157,50833.06,1138.66,140.51,49553.89,2026-08-10,SETTLED
SETL200158,TXN100158,37688.83,670.86,120.75,36897.22,2026-08-21,SETTLED
SETL200159,TXN100159,10686.44,190.22,34.24,10461.98,2026-08-21,SETTLED
SETL200160,TXN100160,49601.56,1063.47,191.42,48346.67,2026-08-02,SETTLED
SETL200161,TXN100161,46134.06,793.51,142.83,45197.72,2026-08-15,SETTLED
SETL200162,TXN100162,53395.31,853.99,153.72,52387.6,2026-08-19,SETTLED
SETL200163,TXN100163,18197.32,439.92,79.19,17678.21,2026-08-04,SETTLED
SETL200164,TXN100164,25229.49,406.15,73.11,24750.23,2026-08-16,SETTLED
SETL200165,TXN100165,51758.36,1128.33,203.1,50426.93,2026-08-12,SETTLED
SETL200166,TXN100166,45759.57,814.52,146.61,44798.44,2026-08-18,SETTLED
SETL200167,TXN100167,28255.12,485.99,87.48,27681.65,2026-08-10,SETTLED
SETL200168,TXN100168,3511.01,53.72,9.67,3447.62,2026-08-14,SETTLED
SETL200169,TXN100169,48901.93,870.45,156.68,47874.8,2026-08-20,SETTLED
SETL200170,TXN100170,30146.8,536.61,96.59,29513.6,2026-08-18,SETTLED
SETL200171,TXN100171,1878.99,34.88,6.28,1837.83,2026-08-14,SETTLED
SETL200172,TXN100172,3507.15,77.05,13.87,3416.23,2026-08-17,SETTLED
SETL200173,TXN100173,32433.1,726.5,130.77,31575.83,2026-08-07,SETTLED
SETL200175,TXN100175,33416.76,728.49,131.13,32557.14,2026-08-04,SETTLED
SETL200176,TXN100176,49606.02,1111.17,200.01,48294.84,2026-08-21,SETTLED
SETL200177,TXN100177,58517.43,1041.61,187.49,57288.33,2026-08-14,SETTLED
SETL200178,TXN100178,12343.94,219.72,39.55,12084.67,2026-08-19,SETTLED
SETL200179,TXN100179,42958.71,764.67,137.64,42056.4,2026-08-17,SETTLED
SETL200180,TXN100180,55916.44,1218.98,219.42,32590.87,2026-08-12,SETTLED
SETL200181,TXN100181,30685.24,668.94,120.41,29895.89,2026-08-18,SETTLED
SETL200182,TXN100182,49037.06,784.69,141.24,48111.13,2026-08-13,SETTLED
SETL200183,TXN100183,35230.28,847.0,152.46,34230.82,2026-08-22,SETTLED
SETL200184,TXN100184,58040.71,1300.11,234.02,56354.19,2026-08-20,SETTLED
SETL200185,TXN100185,31691.82,564.11,101.54,30909.67,2026-08-21,SETTLED
SETL200186,TXN100186,1626.77,27.98,5.04,1593.75,2026-08-12,SETTLED
SETL200187,TXN100187,24917.46,428.58,77.14,24411.74,2026-08-21,SETTLED
SETL200188,TXN100188,33872.76,582.61,104.87,32965.71,2026-08-17,SETTLED
SETL200189,TXN100189,40714.18,1025.73,184.63,39503.82,2026-08-22,SETTLED
SETL200190,TXN100190,17100.88,294.14,52.95,16753.79,2026-08-11,SETTLED
SETL200191,TXN100191,41569.27,714.99,128.7,40725.58,2026-08-31,SETTLED
SETL200192,TXN100192,7751.51,173.63,31.25,7999.72,2026-08-19,SETTLED
SETL200194,TXN100194,13232.22,215.39,38.77,12978.06,2026-08-19,SETTLED
SETL200196,TXN100196,38457.7,661.47,119.06,37677.17,2026-08-03,SETTLED
SETL200197,TXN100197,6482.42,108.07,19.45,6354.9,2026-08-06,SETTLED
SETL200198,TXN100198,39347.12,945.4,170.17,38574.29,2026-08-17,SETTLED
SETL200199,TXN100199,54522.25,1168.78,210.38,34199.35,2026-08-04,SETTLED
SETL200200,TXN100200,25364.16,451.48,81.27,24831.41,2026-08-12,SETTLED
SETL200201,TXN100201,52666.22,1179.72,212.35,51274.15,2026-08-02,SETTLED
SETL200202,TXN100202,59351.42,948.69,170.76,57959.71,2026-08-19,SETTLED
SETL200203,TXN100203,11972.28,268.18,48.27,11655.83,2026-08-05,SETTLED
SETL200204,TXN100204,43256.59,968.95,174.41,42113.23,2026-08-02,SETTLED
SETL200205,TXN100205,10941.95,188.2,33.88,10719.87,2026-08-22,SETTLED
SETL200206,TXN100206,24349.58,372.55,67.06,23909.97,2026-08-05,SETTLED
SETL200207,TXN100207,56181.61,1224.76,220.46,54736.39,2026-08-02,SETTLED
SETL200208,TXN100208,45348.52,726.04,130.69,44491.79,2026-08-12,SETTLED
SETL200209,TXN100209,39394.16,882.43,158.84,38352.89,2026-08-09,SETTLED
SETL200210,TXN100210,18754.98,493.75,88.88,18172.35,2026-08-14,SETTLED
SETL200212,TXN100212,27571.23,490.77,88.34,26992.12,2026-08-21,SETTLED
SETL200213,TXN100213,40980.34,704.86,126.87,40435.09,2026-08-21,SETTLED
SETL200214,TXN100214,49812.06,1067.98,192.24,48551.84,2026-08-18,SETTLED
SETL200215,TXN100215,20023.0,356.41,64.15,19602.44,2026-08-18,SETTLED
SETL200216,TXN100216,5911.03,98.99,17.82,5794.22,2026-08-18,SETTLED
SETL200217,TXN100217,31038.25,552.48,99.45,30386.32,2026-08-16,SETTLED
SETL200218,TXN100218,43535.16,975.19,175.53,42384.44,2026-08-14,SETTLED
SETL200219,TXN100219,3194.74,48.88,8.8,3137.06,2026-08-13,SETTLED
SETL200220,TXN100220,59175.17,905.38,162.97,58106.82,2026-08-17,SETTLED
SETL200221,TXN100221,46253.84,823.32,148.2,45622.97,2026-08-22,SETTLED
SETL200222,TXN100222,52242.41,835.65,150.42,51256.34,2026-08-14,SETTLED
SETL200223,TXN100223,7558.67,164.78,29.66,7364.23,2026-08-19,SETTLED
SETL200224,TXN100224,50171.89,862.96,155.33,49153.6,2026-08-02,SETTLED
SETL200225,TXN100225,49489.95,1187.81,213.81,48088.33,2026-08-09,SETTLED
SETL200226,TXN100226,11714.59,262.41,47.23,11404.95,2026-08-05,SETTLED
SETL200227,TXN100227,14819.64,319.14,57.45,14443.05,2026-08-04,SETTLED
SETL200228,TXN100228,36068.2,578.48,104.13,35385.59,2026-08-03,SETTLED
SETL200229,TXN100229,14443.19,234.65,42.24,14279.36,2026-08-08,SETTLED
SETL200230,TXN100230,14595.79,318.19,57.27,14220.33,2026-08-06,SETTLED
SETL200231,TXN100231,18379.81,444.28,79.97,17378.73,2026-08-03,SETTLED
SETL200232,TXN100232,3289.6,57.3,10.31,3221.99,2026-08-13,SETTLED
SETL200233,TXN100233,24791.42,597.51,107.55,24086.36,2026-08-11,SETTLED
SETL200234,TXN100234,51035.79,877.82,158.01,49999.96,2026-08-11,SETTLED
SETL200235,TXN100235,33961.96,728.79,131.18,33101.99,2026-08-15,SETTLED
SETL200236,TXN100236,14950.08,362.31,65.22,14522.55,2026-08-08,SETTLED
SETL200237,TXN100237,32370.31,495.27,89.15,31785.89,2026-08-08,SETTLED
SETL200238,TXN100238,29023.96,499.21,89.86,28434.89,2026-08-12,SETTLED
SETL200239,TXN100239,57743.61,993.19,178.77,56571.65,2026-08-05,SETTLED
SETL200240,TXN100240,54950.02,1318.31,237.3,53394.41,2026-08-19,SETTLED
SETL200241,TXN100241,32252.18,517.81,93.21,31808.86,2026-08-13,SETTLED
SETL200242,TXN100242,45816.92,733.49,132.03,44951.4,2026-08-12,SETTLED
SETL200243,TXN100243,3220.07,81.96,14.75,3123.36,2026-08-09,SETTLED
SETL200244,TXN100244,33422.04,748.65,134.76,32538.63,2026-08-20,SETTLED
SETL200245,TXN100245,12173.41,216.69,39.0,11917.72,2026-08-09,SETTLED
SETL200246,TXN100246,33263.23,533.89,96.1,32633.24,2026-08-12,SETTLED
SETL200247,TXN100247,10509.9,172.11,30.98,10419.79,2026-08-13,SETTLED
SETL200248,TXN100248,50424.58,1081.09,194.6,49148.89,2026-08-04,SETTLED
SETL200249,TXN100249,8680.75,212.47,38.24,8430.04,2026-08-22,SETTLED
SETL200250,TXN100250,30591.11,526.17,94.71,29970.23,2026-08-13,SETTLED
SETL200251,TXN100251,1436.04,27.83,5.01,1403.2,2026-08-19,SETTLED
SETL200252,TXN100252,32000.35,686.81,123.63,31189.91,2026-08-10,SETTLED
SETL200253,TXN100253,48466.98,1163.36,209.4,47094.22,2026-08-07,SETTLED
SETL200254,TXN100254,11919.96,205.02,36.9,11678.04,2026-08-18,SETTLED
SETL200255,TXN100255,5201.65,129.32,23.28,5049.05,2026-08-14,SETTLED
SETL200256,TXN100256,18348.49,315.59,56.81,17479.84,2026-08-04,SETTLED
SETL200257,TXN100257,22941.59,553.3,99.59,22288.7,2026-08-17,SETTLED
SETL200258,TXN100258,5419.82,96.47,17.36,5305.99,2026-08-15,SETTLED
SETL200259,TXN100259,13079.31,224.96,40.49,12813.86,2026-08-20,SETTLED
SETL200260,TXN100260,41223.51,630.72,113.53,40479.26,2026-08-10,SETTLED
SETL200261,TXN100261,55761.6,992.56,178.66,54590.38,2026-08-12,SETTLED
SETL200263,TXN100263,40783.58,979.73,176.35,39627.5,2026-08-19,SETTLED
SETL200264,TXN100264,6312.3,137.08,24.67,6150.55,2026-08-09,SETTLED
SETL200265,TXN100265,2262.73,49.33,8.88,2204.52,2026-08-10,SETTLED
SETL200266,TXN100266,11551.4,281.08,50.59,11219.73,2026-08-20,SETTLED
SETL200267,TXN100267,47984.28,1074.85,193.47,46715.96,2026-08-04,SETTLED
SETL200268,TXN100268,42844.79,1028.99,185.22,41630.58,2026-08-22,SETTLED
SETL200269,TXN100269,6839.78,149.11,26.84,6663.83,2026-08-02,SETTLED
SETL200270,TXN100270,6582.77,147.45,26.54,6408.78,2026-08-04,SETTLED
SETL200271,TXN100271,6645.93,163.84,29.49,6452.6,2026-08-04,SETTLED
SETL200272,TXN100272,51891.23,1131.23,203.62,50556.38,2026-08-16,SETTLED
SETL200273,TXN100273,34531.65,593.94,106.91,33830.8,2026-08-07,SETTLED
SETL200274,TXN100274,16500.68,293.71,52.87,16154.1,2026-08-10,SETTLED
SETL200275,TXN100275,26363.24,469.27,84.47,25809.5,2026-08-15,SETTLED
SETL200276,TXN100276,15476.13,337.38,60.73,15078.02,2026-08-09,SETTLED
SETL200277,TXN100277,27742.77,477.18,85.89,13635.83,2026-08-06,SETTLED
SETL200278,TXN100278,48342.55,1160.39,208.87,46973.29,2026-08-12,SETTLED
SETL200279,TXN100279,18375.9,327.09,58.88,17989.93,2026-08-21,SETTLED
SETL200280,TXN100280,57892.19,1030.48,185.49,56676.22,2026-08-12,SETTLED
SETL200281,TXN100281,19890.23,342.11,61.58,19486.54,2026-08-10,SETTLED
SETL200282,TXN100282,41061.9,730.9,131.56,40199.44,2026-08-19,SETTLED
SETL200283,TXN100283,47962.29,767.6,138.17,47056.52,2026-08-04,SETTLED
SETL200284,TXN100284,38183.49,679.67,122.34,37381.48,2026-08-09,SETTLED
SETL200285,TXN100285,47450.07,1139.06,205.03,46105.98,2026-08-04,SETTLED
SETL200286,TXN100286,32294.86,776.85,139.83,31378.18,2026-08-15,SETTLED
SETL200287,TXN100287,46252.77,707.67,62.09,45483.01,2026-08-13,SETTLED
SETL200288,TXN100288,57960.15,1263.53,227.44,56469.18,2026-08-15,SETTLED
SETL200289,TXN100289,13709.06,307.08,55.27,13346.71,2026-09-11,SETTLED
SETL200291,TXN100291,59863.31,1305.02,234.9,58323.39,2026-08-17,SETTLED
SETL200292,TXN100292,7406.13,113.31,20.4,7272.42,2026-08-06,SETTLED
SETL200293,TXN100293,47164.06,754.91,135.88,46273.27,2026-08-18,SETTLED
SETL200294,TXN100294,43458.64,695.99,125.28,42637.37,2026-08-16,SETTLED
SETL200295,TXN100295,39054.21,851.38,153.25,38049.58,2026-08-07,SETTLED
SETL200296,TXN100296,20193.88,359.45,64.7,19769.73,2026-08-15,SETTLED
SETL200297,TXN100297,11590.02,206.3,37.13,11346.59,2026-08-15,SETTLED
SETL200298,TXN100298,35736.09,573.2,103.18,34692.58,2026-08-14,SETTLED
SETL200299,TXN100299,48070.39,735.48,132.39,27917.85,2026-08-19,SETTLED
SETL200300,TXN100300,16110.03,246.48,44.37,15819.18,2026-08-17,SETTLED
SETL200302,TXN100302,37233.08,597.01,107.46,36528.61,2026-09-04,SETTLED
SETL200303,TXN100303,7512.77,163.78,29.48,7319.51,2026-08-11,SETTLED
SETL200304,TXN100304,30894.08,549.91,98.98,30245.19,2026-08-15,SETTLED
SETL200305,TXN100305,38312.35,614.17,110.55,37587.63,2026-08-22,SETTLED
SETL200306,TXN100306,17685.67,286.2,51.52,17347.95,2026-08-07,SETTLED
SETL200307,TXN100307,57134.6,1245.53,224.2,55664.87,2026-08-17,SETTLED
SETL200308,TXN100308,24843.49,400.01,72.0,24371.48,2026-08-22,SETTLED
SETL200309,TXN100309,34141.17,522.36,94.02,33524.79,2026-08-09,SETTLED
SETL200310,TXN100310,32487.71,558.79,100.58,31828.34,2026-08-07,SETTLED
SETL200311,TXN100311,34576.49,529.02,95.22,33952.25,2026-08-10,SETTLED
SETL200312,TXN100312,33008.02,529.83,95.37,32382.82,2026-08-15,SETTLED
SETL200313,TXN100313,52551.19,1177.15,211.89,51162.15,2026-08-03,SETTLED
SETL200314,TXN100314,12987.75,223.39,40.21,12724.15,2026-08-20,SETTLED
SETL200315,TXN100315,37161.0,661.47,119.06,36380.47,2026-08-08,SETTLED
SETL200316,TXN100316,36013.03,806.69,145.2,35061.14,2026-08-07,SETTLED
SETL200317,TXN100317,8567.54,131.08,23.59,8412.87,2026-08-15,SETTLED
SETL200318,TXN100318,42827.99,762.34,137.22,41928.43,2026-08-09,SETTLED
SETL200319,TXN100319,37854.86,847.95,152.63,36854.28,2026-08-14,SETTLED
SETL200320,TXN100320,31179.0,750.18,135.03,30293.79,2026-08-10,SETTLED
SETL200321,TXN100321,19973.71,322.58,58.06,19593.07,2026-08-02,SETTLED
SETL200322,TXN100322,51081.32,1113.57,200.44,49767.31,2026-08-19,SETTLED
SETL200323,TXN100323,29935.54,514.89,92.68,29327.97,2026-08-12,SETTLED
SETL200324,TXN100324,47404.07,758.72,136.57,46508.78,2026-08-03,SETTLED
SETL200325,TXN100325,26756.51,476.27,51.57,26228.67,2026-08-02,SETTLED
SETL200326,TXN100326,52528.19,935.0,168.3,51424.89,2026-08-10,SETTLED
SETL200327,TXN100327,5404.02,121.05,0,5282.97,2026-08-22,SETTLED
SETL200328,TXN100328,26039.24,447.87,80.62,25510.75,2026-08-04,SETTLED
SETL200329,TXN100329,28870.0,496.56,89.38,15741.43,2026-08-06,SETTLED
SETL200330,TXN100330,979.72,22.97,4.13,952.62,2026-08-12,SETTLED
SETL200331,TXN100331,4714.28,79.96,14.39,4619.93,2026-08-14,SETTLED
SETL200332,TXN100332,22369.92,487.66,87.78,21794.48,2026-08-11,SETTLED
SETL200333,TXN100333,4570.49,81.35,14.64,4474.5,2026-09-13,SETTLED
SETL200334,TXN100334,21395.67,589.81,106.17,20699.69,2026-08-08,SETTLED
SETL200335,TXN100335,5657.94,97.32,17.52,5543.1,2026-08-05,SETTLED
SETL200336,TXN100336,57813.3,1260.33,226.86,56326.11,2026-08-12,SETTLED
SETL200337,TXN100337,15265.94,233.57,42.04,14990.33,2026-08-21,SETTLED
SETL200338,TXN100338,50949.58,1092.32,196.62,49660.64,2026-08-11,SETTLED
SETL200339,TXN100339,18084.75,437.23,78.7,17568.82,2026-08-03,SETTLED
SETL200340,TXN100340,14844.36,227.12,40.88,14576.36,2026-08-22,SETTLED
SETL200341,TXN100341,56068.5,1222.29,220.01,54626.2,2026-08-06,SETTLED
SETL200342,TXN100342,33008.2,719.58,129.52,32159.1,2026-08-07,SETTLED
SETL200343,TXN100343,1320.71,20.21,3.64,1296.86,2026-08-08,SETTLED
SETL200344,TXN100344,37899.96,848.96,152.81,36898.19,2026-08-18,SETTLED
SETL200345,TXN100345,38611.97,590.76,106.34,37914.87,2026-08-19,SETTLED
SETL200346,TXN100346,18939.46,289.77,52.16,18597.53,2026-08-18,SETTLED
SETL200347,TXN100347,35393.01,850.89,153.16,34388.96,2026-08-22,SETTLED
SETL200348,TXN100348,42071.21,942.4,169.63,40959.18,2026-08-09,SETTLED
SETL200349,TXN100349,7401.2,181.89,32.74,7186.57,2026-08-21,SETTLED
SETL200351,TXN100351,57204.46,914.55,164.62,56125.29,2026-08-18,SETTLED
SETL200352,TXN100352,8052.37,175.54,31.6,7845.23,2026-08-10,SETTLED
SETL200353,TXN100353,48522.92,1057.8,190.4,47274.72,2026-08-10,SETTLED
SETL200354,TXN100354,27584.27,633.5,114.03,26836.74,2026-08-13,SETTLED
SETL200355,TXN100355,9859.94,214.95,38.69,9252.95,2026-08-05,SETTLED
SETL200356,TXN100356,51592.0,1106.07,199.09,50286.84,2026-08-02,SETTLED
SETL200357,TXN100357,23287.28,507.66,91.38,22688.24,2026-08-06,SETTLED
SETL200358,TXN100358,19647.22,337.93,60.83,19248.46,2026-08-15,SETTLED
SETL200359,TXN100359,34506.39,527.95,95.03,33883.41,2026-08-05,SETTLED
SETL200361,TXN100361,52028.92,832.26,149.81,51135.72,2026-08-11,SETTLED
SETL200362,TXN100362,17849.91,307.02,55.26,17487.63,2026-08-11,SETTLED
SETL200363,TXN100363,22412.28,361.36,65.04,21985.88,2026-08-17,SETTLED
SETL200364,TXN100364,879.48,15.65,0,863.83,2026-08-15,SETTLED
SETL200365,TXN100365,586.99,12.8,2.3,571.89,2026-08-14,SETTLED
SETL200366,TXN100366,32023.96,550.81,99.15,31374.0,2026-08-09,SETTLED
SETL200367,TXN100367,42843.32,762.61,137.27,41943.44,2026-08-04,SETTLED
SETL200368,TXN100368,27778.25,605.57,109.0,27063.68,2026-08-04,SETTLED
SETL200369,TXN100369,4952.41,299.06,53.83,4599.52,2026-08-20,SETTLED
SETL200370,TXN100370,16028.96,359.05,64.63,15605.28,2026-08-12,SETTLED
SETL200371,TXN100371,16681.37,270.23,48.64,16362.5,2026-08-04,SETTLED
SETL200372,TXN100372,6786.64,120.8,21.74,6644.1,2026-08-19,SETTLED
SETL200373,TXN100373,57895.77,1262.13,227.18,56406.46,2026-08-08,SETTLED
SETL200374,TXN100374,51222.69,1147.39,206.53,50282.19,2026-08-04,SETTLED
SETL200375,TXN100375,50237.52,864.09,155.54,49217.89,2026-08-12,SETTLED
SETL200376,TXN100376,31050.85,747.12,134.48,30169.25,2026-08-11,SETTLED
SETL200377,TXN100377,51348.78,1232.24,221.8,49894.74,2026-08-19,SETTLED
SETL200378,TXN100378,27991.57,428.27,77.09,27486.21,2026-08-06,SETTLED
SETL200379,TXN100379,8277.56,142.37,25.63,8109.56,2026-08-14,SETTLED
SETL200380,TXN100380,55087.0,1233.95,222.11,53630.94,2026-08-04,SETTLED
SETL200381,TXN100381,5972.73,106.31,19.14,5847.28,2026-08-13,SETTLED
SETL200382,TXN100382,55485.84,987.65,177.78,54320.41,2026-08-15,SETTLED
SETL200383,TXN100383,23272.4,500.03,90.01,22682.36,2026-08-15,SETTLED
SETL200384,TXN100384,16861.42,300.13,54.02,16507.27,2026-08-16,SETTLED
SETL200385,TXN100385,25013.54,402.72,72.49,24538.33,2026-08-20,SETTLED
SETL200386,TXN100386,8665.54,212.11,38.18,8415.25,2026-08-08,SETTLED
SETL200387,TXN100387,59369.52,1272.51,229.05,57867.96,2026-08-13,SETTLED
SETL200388,TXN100388,54804.28,1194.73,215.05,53394.5,2026-08-18,SETTLED
SETL200389,TXN100389,2050.75,36.5,6.57,2007.68,2026-08-21,SETTLED
SETL200390,TXN100390,48614.91,1042.36,187.62,47384.93,2026-08-17,SETTLED
SETL200391,TXN100391,6457.99,114.95,20.69,6322.35,2026-08-09,SETTLED
SETL200392,TXN100392,34753.68,597.76,107.6,33577.48,2026-08-14,SETTLED
SETL200393,TXN100393,48469.51,1056.64,190.2,47222.67,2026-08-13,SETTLED
SETL200394,TXN100394,50283.46,864.88,155.68,49262.9,2026-08-17,SETTLED
SETL200395,TXN100395,2758.84,48.87,8.8,2380.42,2026-08-03,SETTLED
SETL200396,TXN100396,20238.17,435.1,78.32,13839.11,2026-08-21,SETTLED
SETL200397,TXN100397,4043.58,88.15,15.87,3939.56,2026-08-06,SETTLED
SETL200399,TXN100399,19694.89,441.17,79.41,19174.31,2026-08-07,SETTLED
SETL200400,TXN100400,10865.06,512.57,92.26,10260.23,2026-08-19,SETTLED
SETL200401,TXN100401,40099.13,689.71,124.15,39285.27,2026-08-07,SETTLED
SETL200402,TXN100402,11073.64,197.11,35.48,10841.05,2026-08-02,SETTLED
SETL200403,TXN100403,11333.86,244.54,44.02,11045.3,2026-08-12,SETTLED
SETL200405,TXN100405,38353.11,682.69,122.88,37547.54,2026-08-04,SETTLED
SETL200406,TXN100406,1178.04,23.73,4.27,1150.04,2026-08-08,SETTLED
SETL200407,TXN100407,47327.69,1060.14,190.83,46076.72,2026-08-02,SETTLED
SETL200408,TXN100408,58161.56,1395.06,251.11,56515.39,2026-08-15,SETTLED
SETL200409,TXN100409,6535.0,161.19,29.01,6344.8,2026-08-17,SETTLED
SETL200410,TXN100410,27351.6,486.86,87.63,26777.11,2026-08-03,SETTLED
SETL200412,TXN100412,44053.11,784.15,141.15,43127.81,2026-08-19,SETTLED
SETL200413,TXN100413,26163.74,561.9,101.14,25500.7,2026-08-22,SETTLED
SETL200414,TXN100414,3686.57,65.62,0,3620.95,2026-08-12,SETTLED
SETL200415,TXN100415,18195.34,407.58,73.36,17714.4,2026-08-10,SETTLED
SETL200416,TXN100416,3743.04,66.63,11.99,3664.42,2026-08-02,SETTLED
SETL200417,TXN100417,12380.65,319.43,57.5,12003.72,2026-08-02,SETTLED
SETL200418,TXN100418,50704.26,994.81,179.07,49530.38,2026-08-11,SETTLED
SETL200420,TXN100420,11601.68,252.92,45.53,11303.23,2026-08-03,SETTLED
SETL200421,TXN100421,13961.42,312.74,56.29,13592.39,2026-08-10,SETTLED
SETL200422,TXN100422,5599.59,85.67,15.42,5498.5,2026-08-13,SETTLED
SETL200423,TXN100423,50527.43,1375.73,247.63,48904.07,2026-08-18,SETTLED
SETL200424,TXN100424,18281.7,295.68,53.22,17932.8,2026-08-15,SETTLED
SETL200425,TXN100425,56980.66,871.8,156.92,55951.94,2026-08-22,SETTLED
SETL200426,TXN100426,3039.22,54.1,9.74,2975.38,2026-08-04,SETTLED
SETL200427,TXN100427,50129.43,892.3,160.61,49076.52,2026-08-10,SETTLED
SETL200428,TXN100428,33603.67,808.13,145.46,33085.56,2026-08-19,SETTLED
SETL200429,TXN100429,25159.32,384.94,69.29,24705.09,2026-08-06,SETTLED
SETL200430,TXN100430,33979.68,519.89,93.58,33366.21,2026-08-05,SETTLED
SETL200431,TXN100431,16216.13,392.57,70.66,10129.21,2026-08-22,SETTLED
SETL200432,TXN100432,16887.14,300.59,54.11,16532.44,2026-08-06,SETTLED
SETL200433,TXN100433,24049.67,516.66,93.0,23440.01,2026-08-12,SETTLED
SETL200434,TXN100434,55289.68,884.11,159.14,54246.43,2026-08-13,SETTLED
SETL200435,TXN100435,17180.63,384.85,69.27,16726.51,2026-08-18,SETTLED
SETL200436,TXN100436,58466.06,1309.64,196.88,56959.54,2026-08-16,SETTLED
SETL200437,TXN100437,26782.14,460.65,82.92,26238.57,2026-08-15,SETTLED
SETL200438,TXN100438,31158.55,668.79,120.38,30369.38,2026-08-07,SETTLED
SETL200439,TXN100439,46940.73,835.54,150.4,45954.79,2026-08-18,SETTLED
SETL200440,TXN100440,52573.24,904.26,162.77,51506.21,2026-08-08,SETTLED
SETL200441,TXN100441,3508.28,60.78,10.94,3436.56,2026-08-13,SETTLED
SETL200442,TXN100442,49498.62,1079.07,129.75,48289.8,2026-08-18,SETTLED
SETL200443,TXN100443,22661.77,389.78,70.16,22201.83,2026-08-21,SETTLED
SETL200444,TXN100444,20982.82,457.43,82.34,20443.05,2026-08-10,SETTLED
SETL200445,TXN100445,3454.24,87.56,15.76,3350.92,2026-08-20,SETTLED
SETL200446,TXN100446,16510.47,368.39,66.31,16075.77,2026-08-15,SETTLED
SETL200447,TXN100447,54735.17,875.29,157.55,53702.33,2026-08-23,SETTLED
SETL200448,TXN100448,42908.06,961.14,173.01,41773.91,2026-08-22,SETTLED
SETL200449,TXN100449,27810.38,752.74,135.49,26922.15,2026-08-08,SETTLED
SETL200450,TXN100450,937.18,14.34,2.58,1261.56,2026-08-13,SETTLED
SETL200451,TXN100451,4298.3,73.34,13.2,2448.23,2026-08-10,SETTLED
SETL200452,TXN100452,11707.42,262.25,47.2,11397.97,2026-08-18,SETTLED
SETL200453,TXN100453,41004.97,893.91,160.9,39950.16,2026-08-02,SETTLED
SETL200454,TXN100454,54461.24,1219.93,219.59,52640.19,2026-08-14,SETTLED
SETL200455,TXN100455,54438.33,870.57,156.7,53411.06,2026-08-13,SETTLED
SETL200456,TXN100456,6307.38,141.29,0,6166.09,2026-08-06,SETTLED
SETL200457,TXN100457,39438.86,859.77,154.76,38424.33,2026-08-11,SETTLED
SETL200458,TXN100458,22615.1,493.01,88.74,22033.35,2026-08-20,SETTLED
SETL200459,TXN100459,28597.07,437.54,78.76,28080.77,2026-08-08,SETTLED
SETL200460,TXN100460,25079.88,561.79,101.12,24416.97,2026-08-06,SETTLED
SETL200461,TXN100461,59237.9,1420.79,255.74,57561.37,2026-08-23,SETTLED
SETL200462,TXN100462,20291.45,327.63,58.97,19904.85,2026-08-07,SETTLED
SETL200463,TXN100463,27397.17,588.3,105.89,26702.98,2026-08-08,SETTLED
SETL200464,TXN100464,37061.54,659.7,118.75,36283.09,2026-08-22,SETTLED
SETL200465,TXN100465,23307.33,375.59,67.61,22864.13,2026-08-03,SETTLED
SETL200466,TXN100466,53574.38,1148.49,206.73,52219.16,2026-08-18,SETTLED
SETL200467,TXN100467,13962.81,240.16,43.23,13679.42,2026-08-13,SETTLED
SETL200468,TXN100468,10437.7,233.8,42.08,10161.82,2026-08-03,SETTLED
SETL200469,TXN100469,26303.08,573.41,103.21,25626.46,2026-08-06,SETTLED
SETL200470,TXN100470,10310.57,177.34,31.92,10101.31,2026-08-14,SETTLED
SETL200471,TXN100471,13065.82,232.57,41.86,12791.39,2026-08-02,SETTLED
SETL200472,TXN100472,22312.19,341.38,61.45,21909.36,2026-08-22,SETTLED
SETL200473,TXN100473,35838.48,768.94,138.41,34931.13,2026-08-03,SETTLED
SETL200474,TXN100474,41540.11,890.96,160.37,40488.78,2026-08-20,SETTLED
SETL200475,TXN100475,42261.16,676.95,121.85,41462.36,2026-08-08,SETTLED
SETL200476,TXN100476,25541.85,572.14,102.99,24866.72,2026-08-05,SETTLED
SETL200477,TXN100477,49923.84,1198.18,215.67,48509.99,2026-08-05,SETTLED
SETL200478,TXN100478,7283.75,163.16,29.37,7091.22,2026-08-05,SETTLED
SETL200479,TXN100479,49974.18,1119.42,201.5,48653.26,2026-08-08,SETTLED
SETL200480,TXN100480,2844.64,282.03,50.77,2511.84,2026-08-17,SETTLED
SETL200481,TXN100481,662.91,11.4,2.05,649.46,2026-08-04,SETTLED
SETL200482,TXN100482,56992.04,1253.64,225.66,55512.74,2026-08-18,SETTLED
SETL200483,TXN100483,27676.7,476.04,85.69,26856.05,2026-08-11,SETTLED
SETL200484,TXN100484,21932.77,491.29,88.43,21353.05,2026-08-12,SETTLED
SETL200486,TXN100486,21772.88,474.65,85.44,21212.79,2026-08-16,SETTLED
SETL200487,TXN100487,48990.38,1067.99,192.24,47960.5,2026-08-07,SETTLED
SETL200488,TXN100488,48094.0,769.69,138.54,47185.77,2026-08-22,SETTLED
SETL200489,TXN100489,58903.37,1262.53,227.26,57413.58,2026-08-07,SETTLED
SETL200490,TXN100490,11285.0,184.43,33.2,11067.37,2026-08-14,SETTLED
SETL200491,TXN100491,29243.24,520.53,93.7,28629.01,2026-08-17,SETTLED
SETL200492,TXN100492,16065.97,245.81,44.25,15775.91,2026-08-12,SETTLED
SETL200493,TXN100493,31386.43,859.45,154.7,30372.28,2026-08-21,SETTLED
SETL200495,TXN100495,38782.22,1098.69,197.76,37485.77,2026-08-07,SETTLED
SETL200496,TXN100496,45210.09,691.71,124.51,44393.87,2026-08-19,SETTLED
SETL200497,TXN100497,33254.49,571.98,102.96,32579.55,2026-08-14,SETTLED
SETL200498,TXN100498,26929.24,433.17,77.97,26418.1,2026-08-20,SETTLED
SETL200499,TXN100499,19305.66,311.96,56.15,18593.53,2026-08-17,SETTLED
SETL200500,TXN100500,33649.3,722.1,129.98,32797.22,2026-08-02,SETTLED
SETL200501,TXN100501,39448.46,678.51,122.13,38647.82,2026-08-16,SETTLED
SETL200502,TXN100502,50736.89,872.67,157.08,49707.14,2026-08-12,SETTLED
SETL200503,TXN100503,43096.85,939.51,169.11,41988.23,2026-08-05,SETTLED
SETL200504,TXN100504,20810.75,447.35,80.52,20282.88,2026-08-22,SETTLED
SETL200505,TXN100505,3223.8,49.32,8.88,3165.6,2026-08-07,SETTLED
SETL200506,TXN100506,15630.21,239.14,43.05,15348.02,2026-08-09,SETTLED
SETL200507,TXN100507,49560.97,947.37,170.53,48443.07,2026-08-08,SETTLED
SETL200509,TXN100509,758.09,17.05,3.07,1208.86,2026-08-03,SETTLED
SETL200510,TXN100510,43964.43,782.57,140.86,43041.0,2026-08-11,SETTLED
SETL200511,TXN100511,25410.55,612.31,110.22,24688.02,2026-08-21,SETTLED
SETL200512,TXN100512,57833.82,1387.23,249.7,56196.89,2026-08-11,SETTLED
SETL200513,TXN100513,36350.2,1139.25,205.06,35005.89,2026-08-18,SETTLED
SETL200514,TXN100514,12452.9,214.19,38.55,12200.16,2026-08-21,SETTLED
SETL200515,TXN100515,58889.46,1048.23,188.68,57929.3,2026-08-22,SETTLED
SETL200516,TXN100516,35176.97,564.31,101.58,34511.08,2026-08-15,SETTLED
SETL200517,TXN100517,48594.13,1166.4,209.95,47217.78,2026-08-18,SETTLED
SETL200518,TXN100518,3657.37,65.1,11.72,3580.55,2026-08-03,SETTLED
SETL200519,TXN100519,41161.72,922.02,165.96,40073.74,2026-08-06,SETTLED
SETL200520,TXN100520,21841.61,469.41,84.49,21287.71,2026-08-16,SETTLED
SETL200521,TXN100521,14636.93,354.82,63.87,14218.24,2026-08-11,SETTLED
SETL200522,TXN100522,23559.5,659.91,118.78,22780.81,2026-08-12,SETTLED
SETL200523,TXN100523,49884.02,798.16,143.67,49311.49,2026-08-22,SETTLED
SETL200524,TXN100524,18003.57,309.66,55.74,17638.17,2026-08-07,SETTLED
SETL200525,TXN100525,44237.23,787.42,141.74,43308.07,2026-08-05,SETTLED
SETL200526,TXN100526,33617.62,753.03,135.55,32729.04,2026-08-06,SETTLED
SETL200527,TXN100527,20168.49,433.61,78.05,19656.83,2026-08-06,SETTLED
SETL200528,TXN100528,29687.78,665.01,119.7,28903.07,2026-08-20,SETTLED
SETL200529,TXN100529,31476.07,560.27,100.85,30814.95,2026-08-18,SETTLED
SETL200530,TXN100530,21289.48,325.73,58.63,20905.12,2026-08-08,SETTLED
SETL200531,TXN100531,17967.67,391.7,70.51,17505.46,2026-08-21,SETTLED
SETL200532,TXN100532,14800.7,240.33,43.26,14053.74,2026-08-22,SETTLED
SETL200533,TXN100533,54997.98,1319.45,237.5,53441.03,2026-08-05,SETTLED
SETL200534,TXN100534,54724.49,1173.1,211.16,53340.23,2026-08-13,SETTLED
SETL200535,TXN100535,3109.17,54.44,9.8,3044.93,2026-08-22,SETTLED
SETL200536,TXN100536,10459.99,160.04,8.3,10291.65,2026-08-19,SETTLED
SETL200537,TXN100537,51964.58,893.79,160.88,50909.91,2026-08-15,SETTLED
SETL200538,TXN100538,44940.0,687.58,123.76,44128.66,2026-08-06,SETTLED
SETL200539,TXN100539,4858.26,74.33,0,4783.93,2026-08-07,SETTLED
SETL200540,TXN100540,24754.15,554.49,99.81,24099.85,2026-08-16,SETTLED
SETL200541,TXN100541,1505.01,32.81,5.91,1466.29,2026-08-05,SETTLED
SETL200542,TXN100542,42202.48,905.13,162.92,41134.43,2026-08-28,SETTLED
SETL200543,TXN100543,36590.67,819.63,147.53,35623.51,2026-08-11,SETTLED
SETL200544,TXN100544,28702.27,616.23,110.92,27975.12,2026-08-19,SETTLED
SETL200545,TXN100545,18234.36,324.57,58.42,17851.37,2026-08-22,SETTLED
SETL200546,TXN100546,2985.5,45.68,8.22,2931.6,2026-08-20,SETTLED
SETL200547,TXN100547,12998.15,291.16,52.41,12654.58,2026-08-13,SETTLED
SETL200548,TXN100548,11447.57,203.77,36.68,11207.12,2026-08-21,SETTLED
SETL200549,TXN100549,40423.19,719.53,129.52,39574.14,2026-08-20,SETTLED
SETL200550,TXN100550,17793.83,272.25,49.01,17472.57,2026-08-04,SETTLED
SETL200551,TXN100551,57116.62,913.15,164.37,56039.1,2026-08-13,SETTLED
SETL200552,TXN100552,17465.66,267.22,48.1,17150.34,2026-08-04,SETTLED
SETL200553,TXN100553,20036.59,323.58,58.24,19654.77,2026-08-11,SETTLED
SETL200555,TXN100555,47246.78,812.64,146.28,46287.86,2026-08-22,SETTLED
SETL200556,TXN100556,40935.02,728.64,131.16,40075.22,2026-08-12,SETTLED
SETL200557,TXN100557,46598.63,1015.85,182.85,45399.93,2026-08-17,SETTLED
SETL200558,TXN100558,50586.68,773.98,139.32,49673.38,2026-08-06,SETTLED
SETL200559,TXN100559,43781.81,669.86,120.57,42991.38,2026-08-02,SETTLED
SETL200560,TXN100560,46267.42,1110.79,199.94,44956.69,2026-09-01,SETTLED
SETL200561,TXN100561,22266.21,396.34,71.34,21798.53,2026-08-09,SETTLED
SETL200562,TXN100562,30316.83,487.04,87.67,29742.12,2026-08-04,SETTLED
SETL200563,TXN100563,50954.92,876.42,157.76,49920.74,2026-08-21,SETTLED
SETL200564,TXN100564,9973.73,163.58,29.44,9780.71,2026-08-20,SETTLED
SETL200565,TXN100565,56380.93,901.46,162.26,55317.21,2026-08-03,SETTLED
SETL200566,TXN100566,16229.25,248.31,44.7,15936.24,2026-08-09,SETTLED
SETL200567,TXN100567,23591.54,514.3,92.57,22984.67,2026-08-16,SETTLED
SETL200568,TXN100568,42372.31,648.3,116.69,41607.32,2026-08-18,SETTLED
SETL200569,TXN100569,39393.68,946.51,170.37,38276.8,2026-08-13,SETTLED
SETL200570,TXN100570,22891.56,512.77,92.3,22286.49,2026-08-09,SETTLED
SETL200571,TXN100571,29468.26,642.41,115.63,28710.22,2026-08-17,SETTLED
SETL200572,TXN100572,10353.55,169.62,0,10183.93,2026-08-04,SETTLED
SETL200573,TXN100573,9862.76,175.56,31.6,9655.6,2026-08-26,SETTLED
SETL200574,TXN100574,48764.77,1170.48,210.69,47383.6,2026-08-05,SETTLED
SETL200575,TXN100575,13036.89,212.29,38.21,12786.39,2026-08-07,SETTLED
SETL200576,TXN100576,3067.09,52.75,9.49,3004.85,2026-08-20,SETTLED
SETL200577,TXN100577,53502.46,1146.95,174.81,52180.7,2026-08-06,SETTLED
SETL200578,TXN100578,52771.28,1131.31,203.64,51436.33,2026-08-11,SETTLED
SETL200579,TXN100579,52104.49,833.46,150.02,51121.01,2026-08-07,SETTLED
SETL200580,TXN100580,10479.44,234.74,42.25,10202.45,2026-08-12,SETTLED
SETL200581,TXN100581,23003.58,395.66,71.22,22594.15,2026-08-06,SETTLED
SETL200582,TXN100582,28814.22,512.89,92.32,28141.44,2026-08-21,SETTLED
SETL200583,TXN100583,54168.09,964.19,173.55,53030.35,2026-08-19,SETTLED
SETL200584,TXN100584,22537.46,543.65,97.86,21895.95,2026-08-03,SETTLED
SETL200585,TXN100585,56336.09,968.98,174.42,54984.96,2026-08-17,SETTLED
SETL200586,TXN100586,28889.9,647.13,116.48,16054.96,2026-08-09,SETTLED
SETL200587,TXN100587,11746.75,263.13,47.36,11436.26,2026-08-02,SETTLED
SETL200588,TXN100588,22814.28,490.23,88.24,22235.81,2026-08-08,SETTLED
SETL200589,TXN100589,6841.7,149.15,26.85,6665.7,2026-08-15,SETTLED
SETL200590,TXN100590,36906.9,804.57,144.82,35957.51,2026-08-14,SETTLED
SETL200591,TXN100591,22527.67,400.99,72.18,22054.5,2026-08-19,SETTLED
SETL200592,TXN100592,46564.57,1015.11,182.72,45366.74,2026-08-14,SETTLED
SETL200593,TXN100593,27072.4,465.65,83.82,26522.93,2026-08-07,SETTLED
SETL200594,TXN100594,48150.8,1049.69,188.94,46912.17,2026-08-21,SETTLED
SETL200595,TXN100595,23651.67,421.0,75.78,23154.89,2026-08-22,SETTLED
SETL200596,TXN100596,55588.78,888.86,135.5,54564.42,2026-08-15,SETTLED
SETL200597,TXN100597,36737.22,562.08,101.17,36073.97,2026-08-14,SETTLED
SETL200598,TXN100598,56770.09,1216.88,219.04,55334.17,2026-08-07,SETTLED
SETL200599,TXN100599,12501.58,269.53,48.52,12183.53,2026-08-18,SETTLED
SETL200600,TXN100600,40604.45,722.76,130.1,39406.83,2026-08-13,SETTLED
SETL200601,TXN100601,21511.1,519.12,93.44,20898.54,2026-08-14,SETTLED
SETL200602,TXN100602,44347.07,951.03,171.19,43224.85,2026-08-04,SETTLED
SETL200603,TXN100603,21174.77,461.61,83.09,20630.07,2026-08-10,SETTLED
SETL200604,TXN100604,55817.97,892.51,160.65,54932.31,2026-08-20,SETTLED
SETL200606,TXN100606,41804.42,936.42,168.56,40699.44,2026-08-14,SETTLED
SETL200607,TXN100607,57693.7,1257.72,226.39,56209.59,2026-08-16,SETTLED
SETL200608,TXN100608,7417.96,122.95,22.13,7272.88,2026-08-04,SETTLED
SETL200609,TXN100609,48109.6,827.49,148.95,47133.16,2026-08-15,SETTLED
SETL200610,TXN100610,15271.33,342.08,61.57,14867.68,2026-08-04,SETTLED
SETL200612,TXN100612,53711.82,923.84,166.29,52621.69,2026-08-10,SETTLED
SETL200613,TXN100613,44358.18,710.3,127.85,43520.03,2026-08-09,SETTLED
SETL200614,TXN100614,14137.85,243.17,43.77,13850.91,2026-08-09,SETTLED
SETL200615,TXN100615,37022.71,593.66,106.86,36322.19,2026-08-19,SETTLED
SETL200616,TXN100616,29794.25,649.51,116.91,29027.83,2026-08-20,SETTLED
SETL200617,TXN100617,3721.82,66.25,11.93,3643.64,2026-08-15,SETTLED
SETL200618,TXN100618,51693.81,1240.48,223.29,50230.04,2026-08-07,SETTLED
SETL200620,TXN100620,19863.45,303.91,54.7,19504.84,2026-08-21,SETTLED
SETL200621,TXN100621,16529.79,284.31,51.18,16194.3,2026-08-21,SETTLED
SETL200622,TXN100622,25724.6,414.02,74.52,25624.55,2026-08-15,SETTLED
SETL200623,TXN100623,11203.41,183.13,32.96,10987.32,2026-08-06,SETTLED
SETL200624,TXN100624,43388.52,663.84,119.49,42605.19,2026-08-09,SETTLED
SETL200625,TXN100625,48102.23,856.22,154.12,46679.34,2026-08-06,SETTLED
SETL200626,TXN100626,59735.93,1063.3,191.39,58481.24,2026-08-22,SETTLED
SETL200627,TXN100627,33947.24,760.42,136.88,33049.94,2026-08-20,SETTLED
SETL200628,TXN100628,4072.16,72.48,13.05,2829.48,2026-08-10,SETTLED
SETL200629,TXN100629,15956.26,347.85,62.61,15545.8,2026-08-13,SETTLED
SETL200630,TXN100630,7713.63,189.36,34.08,7490.19,2026-08-21,SETTLED
SETL200631,TXN100631,21628.99,484.49,87.21,21057.29,2026-08-18,SETTLED
SETL200632,TXN100632,37012.99,889.61,160.13,35963.25,2026-08-16,SETTLED
SETL200633,TXN100633,25598.08,558.04,100.45,24939.59,2026-08-21,SETTLED
SETL200634,TXN100634,10138.97,155.13,27.92,9955.92,2026-08-09,SETTLED
SETL200635,TXN100635,36520.41,818.06,147.25,36004.56,2026-08-14,SETTLED
SETL200636,TXN100636,10455.43,254.88,45.88,10154.67,2026-08-02,SETTLED
SETL200637,TXN100637,24124.21,715.5,128.79,23279.92,2026-08-05,SETTLED
SETL200638,TXN100638,46370.56,994.33,178.98,45197.25,2026-08-18,SETTLED
SETL200639,TXN100639,5516.52,98.19,17.67,5400.66,2026-08-14,SETTLED
SETL200640,TXN100640,26868.05,601.84,108.33,26157.88,2026-08-06,SETTLED
SETL200641,TXN100641,2591.72,57.46,10.34,2523.92,2026-08-13,SETTLED
SETL200642,TXN100642,33138.44,742.3,133.61,32262.53,2026-08-06,SETTLED
SETL200643,TXN100643,38047.33,609.95,109.79,37327.59,2026-08-22,SETTLED
SETL200644,TXN100644,29158.28,635.65,114.42,28408.21,2026-08-09,SETTLED
SETL200645,TXN100645,25026.13,545.57,98.2,24382.36,2026-08-06,SETTLED
SETL200646,TXN100646,20961.15,373.11,67.16,20520.88,2026-08-17,SETTLED
SETL200647,TXN100647,18326.83,296.4,53.35,17977.08,2026-08-15,SETTLED
SETL200648,TXN100648,24998.28,429.97,77.39,24490.92,2026-08-19,SETTLED
SETL200649,TXN100649,43038.81,766.09,137.9,42134.82,2026-08-22,SETTLED
SETL200650,TXN100650,5212.98,116.77,21.02,5075.19,2026-08-22,SETTLED
SETL200651,TXN100651,39083.19,1046.3,188.33,37848.56,2026-08-19,SETTLED
SETL200652,TXN100652,17730.92,531.51,95.67,17103.74,2026-08-22,SETTLED
SETL200653,TXN100653,19578.3,336.75,60.62,19180.93,2026-08-30,SETTLED
SETL200654,TXN100654,17285.81,264.47,47.6,16973.74,2026-08-06,SETTLED
SETL200655,TXN100655,5866.72,100.91,18.16,5747.65,2026-08-02,SETTLED
SETL200656,TXN100656,19038.81,460.03,82.81,18495.97,2026-08-17,SETTLED
SETL200657,TXN100657,5273.27,114.96,20.69,2911.11,2026-08-06,SETTLED
SETL200658,TXN100658,11305.42,184.76,33.26,11087.4,2026-08-10,SETTLED
SETL200659,TXN100659,23395.48,402.4,72.43,22538.72,2026-08-16,SETTLED
SETL200660,TXN100660,31507.78,482.07,86.77,30938.94,2026-08-08,SETTLED
SETL200661,TXN100661,9937.38,216.63,38.99,9681.76,2026-08-03,SETTLED
SETL200662,TXN100662,29133.16,652.58,117.46,28363.12,2026-08-11,SETTLED
SETL200663,TXN100663,14539.97,222.46,40.04,14277.47,2026-08-15,SETTLED
SETL200664,TXN100664,35289.46,790.48,142.29,34356.69,2026-08-14,SETTLED
SETL200665,TXN100665,41460.19,664.22,119.56,40676.41,2026-08-06,SETTLED
SETL200666,TXN100666,30245.19,538.36,96.9,29609.93,2026-08-21,SETTLED
SETL200667,TXN100667,21653.3,465.38,83.77,21104.15,2026-08-06,SETTLED
SETL200668,TXN100668,29526.65,525.57,94.6,28906.48,2026-08-12,SETTLED
SETL200669,TXN100669,44124.74,706.58,127.18,43290.98,2026-08-02,SETTLED
SETL200670,TXN100670,15416.43,274.41,49.39,15092.63,2026-08-08,SETTLED
SETL200671,TXN100671,11791.66,192.49,34.65,11564.52,2026-08-07,SETTLED
SETL200672,TXN100672,16881.81,273.42,49.22,16559.17,2026-08-21,SETTLED
SETL200673,TXN100673,27238.36,484.84,87.27,26451.05,2026-08-10,SETTLED
SETL200674,TXN100674,53034.48,944.01,169.92,51920.55,2026-08-21,SETTLED
SETL200675,TXN100675,43399.71,946.11,170.3,42283.3,2026-08-19,SETTLED
SETL200677,TXN100677,6227.25,95.28,17.15,6114.82,2026-08-04,SETTLED
SETL200678,TXN100678,12523.7,270.01,48.6,12205.09,2026-08-17,SETTLED
SETL200679,TXN100679,39646.31,952.55,171.46,38887.89,2026-08-18,SETTLED
SETL200681,TXN100681,28349.52,433.75,78.08,27837.69,2026-08-22,SETTLED
SETL200682,TXN100682,47757.85,1041.12,187.4,46529.33,2026-08-03,SETTLED
SETL200683,TXN100683,50150.16,767.3,138.11,48762.49,2026-08-04,SETTLED
SETL200684,TXN100684,11772.89,286.37,51.55,11434.97,2026-08-18,SETTLED
SETL200685,TXN100685,44893.45,1077.95,194.03,43621.47,2026-08-22,SETTLED
SETL200686,TXN100686,53028.03,1272.37,229.03,51526.63,2026-08-07,SETTLED
SETL200687,TXN100687,39623.15,863.78,155.48,38603.89,2026-08-19,SETTLED
SETL200688,TXN100688,33229.84,724.41,130.39,32375.04,2026-08-12,SETTLED
SETL200689,TXN100689,36700.6,800.07,144.01,35756.52,2026-08-20,SETTLED
SETL200690,TXN100690,21920.51,491.02,88.38,21341.11,2026-08-16,SETTLED
SETL200691,TXN100691,58985.91,1264.3,227.57,57776.96,2026-08-21,SETTLED
SETL200692,TXN100692,13281.96,228.45,41.12,13012.39,2026-08-12,SETTLED
SETL200693,TXN100693,2745.31,42.0,7.56,2695.75,2026-08-13,SETTLED
SETL200695,TXN100695,34443.99,526.99,94.86,23119.68,2026-08-20,SETTLED
SETL200696,TXN100696,29552.45,526.03,94.69,28931.73,2026-08-20,SETTLED
SETL200697,TXN100697,43981.97,943.21,169.78,42868.98,2026-08-20,SETTLED
SETL200698,TXN100698,21201.85,462.2,83.2,20656.45,2026-08-15,SETTLED
SETL200699,TXN100699,38216.28,819.83,147.57,37248.88,2026-08-22,SETTLED
SETL200700,TXN100700,19499.33,419.29,32.59,19047.45,2026-08-20,SETTLED
SETL200701,TXN100701,40581.3,870.44,156.68,39554.18,2026-08-14,SETTLED
SETL200702,TXN100702,26200.17,450.64,81.12,25668.41,2026-08-14,SETTLED
SETL200703,TXN100703,28813.35,440.84,79.35,28293.16,2026-08-08,SETTLED
SETL200704,TXN100704,30358.48,730.57,131.5,29496.41,2026-08-06,SETTLED
SETL200705,TXN100705,24021.47,386.94,69.65,23564.88,2026-08-20,SETTLED
SETL200706,TXN100706,4762.82,81.92,14.75,4666.15,2026-08-15,SETTLED
SETL200707,TXN100707,40468.98,619.18,111.45,39738.35,2026-08-15,SETTLED
SETL200708,TXN100708,20999.23,457.78,82.4,20459.05,2026-08-29,SETTLED
SETL200709,TXN100709,37579.34,602.51,108.45,36868.38,2026-08-22,SETTLED
SETL200710,TXN100710,45585.16,811.42,146.06,44627.68,2026-08-04,SETTLED
SETL200711,TXN100711,52190.76,929.0,167.22,51094.54,2026-08-11,SETTLED
SETL200712,TXN100712,27278.66,611.04,109.99,26557.63,2026-08-02,SETTLED
SETL200713,TXN100713,33012.24,567.81,102.21,32342.22,2026-08-10,SETTLED
SETL200714,TXN100714,22908.1,492.23,88.6,22327.27,2026-08-18,SETTLED
SETL200715,TXN100715,17398.81,374.33,67.38,16957.1,2026-08-21,SETTLED
SETL200716,TXN100716,23624.39,361.45,65.06,23197.88,2026-08-10,SETTLED
SETL200717,TXN100717,1635.16,25.02,4.5,1605.64,2026-08-22,SETTLED
SETL200718,TXN100718,54280.39,830.49,149.49,53300.41,2026-08-17,SETTLED
SETL200719,TXN100719,12333.07,219.53,39.52,12074.02,2026-08-16,SETTLED
SETL200720,TXN100720,55375.07,952.45,171.44,54251.18,2026-08-11,SETTLED
SETL200721,TXN100721,1593.15,28.36,5.1,1559.69,2026-08-13,SETTLED
SETL200722,TXN100722,59761.67,1027.9,185.02,58548.75,2026-08-19,SETTLED
SETL200723,TXN100723,53478.92,1283.15,230.97,51964.8,2026-08-02,SETTLED
SETL200724,TXN100724,39587.44,951.14,171.21,38465.09,2026-08-04,SETTLED
SETL200725,TXN100725,14801.47,358.76,64.58,14378.13,2026-08-06,SETTLED
SETL200726,TXN100726,32762.91,525.93,94.67,32142.31,2026-08-08,SETTLED
SETL200727,TXN100727,18885.4,336.16,60.51,18488.73,2026-08-18,SETTLED
SETL200728,TXN100728,19391.02,345.16,62.13,18983.73,2026-08-19,SETTLED
SETL200729,TXN100729,50451.59,1099.84,197.97,49153.78,2026-08-06,SETTLED
SETL200730,TXN100730,57691.17,1383.82,249.09,56058.26,2026-08-11,SETTLED
SETL200731,TXN100731,46856.92,834.05,117.2,45905.67,2026-08-05,SETTLED
SETL200732,TXN100732,35983.46,618.92,111.41,35253.13,2026-08-09,SETTLED
SETL200733,TXN100733,41444.41,634.1,114.14,40696.17,2026-08-17,SETTLED
SETL200734,TXN100734,11446.6,249.54,44.92,11152.14,2026-08-14,SETTLED
SETL200735,TXN100735,13963.25,240.17,43.23,13679.85,2026-08-15,SETTLED
SETL200736,TXN100736,44670.82,768.34,138.3,43764.18,2026-08-08,SETTLED
SETL200737,TXN100737,52094.18,833.3,149.99,51110.89,2026-08-17,SETTLED
SETL200738,TXN100738,25939.56,446.16,80.31,25413.09,2026-08-03,SETTLED
SETL200739,TXN100739,36884.54,886.54,159.58,35838.42,2026-08-20,SETTLED
SETL200740,TXN100740,27370.77,418.77,75.38,27160.04,2026-08-03,SETTLED
SETL200741,TXN100741,11796.1,254.44,45.8,11495.86,2026-08-16,SETTLED
SETL200742,TXN100742,10405.95,170.45,30.68,10204.82,2026-08-11,SETTLED
SETL200743,TXN100743,49878.66,798.07,143.65,48936.94,2026-08-16,SETTLED
SETL200744,TXN100744,46834.5,833.65,150.06,46077.67,2026-08-19,SETTLED
SETL200745,TXN100745,27494.0,489.39,88.09,26916.52,2026-08-08,SETTLED
SETL200746,TXN100746,41657.19,908.13,163.46,40585.6,2026-08-07,SETTLED
SETL200747,TXN100747,42520.49,650.56,117.1,41752.83,2026-08-22,SETTLED
SETL200748,TXN100748,23031.38,409.96,73.79,22547.63,2026-08-14,SETTLED
SETL200749,TXN100749,10146.38,180.61,32.51,9933.26,2026-08-06,SETTLED
SETL200750,TXN100750,18916.34,423.73,76.27,18416.34,2026-08-16,SETTLED
SETL200751,TXN100751,53963.24,1042.6,187.67,52732.97,2026-08-08,SETTLED
SETL200752,TXN100752,30108.84,483.73,87.07,29951.39,2026-08-17,SETTLED
SETL200753,TXN100753,27497.44,442.21,79.6,26975.63,2026-08-16,SETTLED
SETL200754,TXN100754,52988.99,911.41,164.05,51913.53,2026-08-10,SETTLED
SETL200755,TXN100755,11497.98,404.84,72.87,11020.27,2026-08-03,SETTLED
SETL200756,TXN100756,20201.11,452.5,81.45,19667.16,2026-08-04,SETTLED
SETL200757,TXN100757,10099.45,179.77,32.36,9887.32,2026-08-11,SETTLED
SETL200758,TXN100758,45085.42,721.86,129.93,44233.63,2026-08-13,SETTLED
SETL200759,TXN100759,22429.88,488.97,88.01,21852.9,2026-08-14,SETTLED
SETL200760,TXN100760,7760.38,138.13,0,7622.25,2026-08-10,SETTLED
SETL200761,TXN100761,36917.2,634.98,114.3,36167.92,2026-08-05,SETTLED
SETL200762,TXN100762,36726.25,882.76,158.9,35684.59,2026-08-12,SETTLED
SETL200763,TXN100763,37050.25,659.49,118.71,36272.05,2026-08-17,SETTLED
SETL200764,TXN100764,48574.83,777.34,139.92,47657.57,2026-08-21,SETTLED
SETL200765,TXN100765,7533.32,163.21,29.38,7340.73,2026-08-16,SETTLED
SETL200766,TXN100766,25135.45,605.74,109.03,24420.68,2026-08-12,SETTLED
SETL200767,TXN100767,38616.79,828.4,149.11,37639.28,2026-08-11,SETTLED
SETL200768,TXN100768,30648.03,686.52,123.57,29837.94,2026-08-12,SETTLED
SETL200769,TXN100769,24064.93,524.62,94.43,23445.88,2026-08-20,SETTLED
SETL200770,TXN100770,20165.63,346.85,62.43,20021.95,2026-08-12,SETTLED
SETL200771,TXN100771,9745.48,159.95,28.79,9556.74,2026-08-16,SETTLED
SETL200772,TXN100772,34114.09,764.16,137.55,33212.38,2026-08-13,SETTLED
SETL200773,TXN100773,4439.68,96.79,17.42,4325.47,2026-08-06,SETTLED
SETL200774,TXN100774,37777.4,1121.13,201.8,36454.47,2026-08-07,SETTLED
SETL200775,TXN100775,42463.34,951.18,171.21,41340.95,2026-08-12,SETTLED
SETL200776,TXN100776,5664.47,140.38,25.27,5752.18,2026-08-09,SETTLED
SETL200777,TXN100777,7177.76,127.76,23.0,7027.0,2026-08-03,SETTLED
SETL200778,TXN100778,48042.0,1030.1,185.42,46826.48,2026-08-18,SETTLED
SETL200779,TXN100779,44080.24,705.88,127.06,43247.3,2026-08-18,SETTLED
SETL200780,TXN100780,49417.24,756.08,136.09,48525.07,2026-08-18,SETTLED
SETL200781,TXN100781,27832.42,597.61,107.57,27127.24,2026-08-18,SETTLED
SETL200782,TXN100782,41379.61,887.52,159.75,40332.34,2026-08-21,SETTLED
SETL200783,TXN100783,6634.62,143.98,25.92,6464.72,2026-08-11,SETTLED
SETL200784,TXN100784,19592.38,336.99,60.66,19194.73,2026-08-08,SETTLED
SETL200786,TXN100786,1407.77,21.54,3.88,1382.35,2026-08-21,SETTLED
SETL200787,TXN100787,32780.46,563.82,101.49,32115.15,2026-08-19,SETTLED
SETL200788,TXN100788,34657.94,776.34,139.74,33741.86,2026-08-07,SETTLED
SETL200789,TXN100789,3518.21,60.94,10.97,3446.3,2026-08-02,SETTLED
SETL200790,TXN100790,23324.18,523.08,94.15,22706.95,2026-08-04,SETTLED
SETL200791,TXN100791,19090.22,416.17,74.91,18599.14,2026-08-08,SETTLED
SETL200792,TXN100792,34283.46,550.11,99.02,33895.05,2026-08-04,SETTLED
SETL200793,TXN100793,14285.81,232.14,41.79,14011.88,2026-09-02,SETTLED
SETL200794,TXN100794,11409.51,277.69,49.98,11081.84,2026-08-12,SETTLED
SETL200795,TXN100795,4389.23,95.93,17.27,4276.03,2026-08-05,SETTLED
SETL200797,TXN100797,24638.32,376.97,67.85,24193.5,2026-08-05,SETTLED
SETL200798,TXN100798,32198.36,892.2,160.6,31145.56,2026-08-14,SETTLED
SETL200799,TXN100799,58446.56,1040.35,187.26,57218.95,2026-08-14,SETTLED
SETL200800,TXN100800,47166.68,1132.28,203.81,45830.59,2026-08-15,SETTLED
SETL200801,TXN100801,39925.43,710.67,127.92,39086.84,2026-08-04,SETTLED
SETL200802,TXN100802,35733.71,546.73,39.55,35147.43,2026-08-16,SETTLED
SETL200803,TXN100803,57375.07,1285.2,231.34,55858.53,2026-08-04,SETTLED
SETL200804,TXN100804,29910.56,652.05,117.37,29141.14,2026-08-03,SETTLED
SETL200805,TXN100805,45546.12,976.69,175.8,44393.63,2026-08-06,SETTLED
SETL200806,TXN100806,37126.54,892.32,126.22,36108.0,2026-08-16,SETTLED
SETL200807,TXN100807,55150.85,1235.38,222.37,53693.1,2026-08-15,SETTLED
SETL200808,TXN100808,36883.7,791.31,142.44,35949.95,2026-08-18,SETTLED
SETL200809,TXN100809,22468.76,482.83,86.91,21899.02,2026-08-19,SETTLED
SETL200810,TXN100810,51744.25,791.69,142.5,50810.06,2026-08-02,SETTLED
SETL200811,TXN100811,42850.53,934.14,168.15,41748.24,2026-08-14,SETTLED
SETL200812,TXN100812,28754.85,511.84,92.13,28150.88,2026-08-13,SETTLED
SETL200813,TXN100813,17664.02,314.42,56.6,17237.78,2026-08-06,SETTLED
SETL200814,TXN100814,58511.01,1403.41,252.61,56854.99,2026-08-06,SETTLED
SETL200815,TXN100815,27536.46,490.15,88.23,26958.08,2026-08-15,SETTLED
SETL200816,TXN100816,13931.58,303.71,54.67,13573.2,2026-08-15,SETTLED
SETL200817,TXN100817,42871.73,737.39,47.87,42086.47,2026-08-10,SETTLED
SETL200818,TXN100818,58704.89,1258.28,226.49,57220.12,2026-08-20,SETTLED
SETL200819,TXN100819,57723.4,922.8,166.1,56634.5,2026-08-04,SETTLED
SETL200820,TXN100820,31258.5,502.01,90.36,30666.13,2026-08-18,SETTLED
SETL200821,TXN100821,38024.44,609.59,109.73,37305.12,2026-08-04,SETTLED
SETL200823,TXN100823,34650.94,555.95,100.07,33994.92,2026-08-15,SETTLED
SETL200824,TXN100824,2601.91,46.31,8.34,2547.26,2026-08-21,SETTLED
SETL200825,TXN100825,37943.35,813.99,146.52,36982.84,2026-08-20,SETTLED
SETL200826,TXN100826,48629.3,1089.3,196.07,47343.93,2026-08-21,SETTLED
SETL200827,TXN100827,8045.87,123.1,22.16,7900.61,2026-08-04,SETTLED
SETL200828,TXN100828,16875.42,378.01,68.04,16429.37,2026-08-10,SETTLED
SETL200830,TXN100830,11258.15,184.0,33.12,11041.03,2026-08-25,SETTLED
SETL200831,TXN100831,50338.05,896.02,161.28,49280.75,2026-08-15,SETTLED
SETL200832,TXN100832,13045.98,232.22,41.8,8436.71,2026-08-13,SETTLED
SETL200833,TXN100833,28108.89,500.34,90.06,27518.49,2026-08-17,SETTLED
SETL200834,TXN100834,41168.84,988.94,178.01,40001.89,2026-08-14,SETTLED
SETL200835,TXN100835,1205.85,33.82,6.09,1165.94,2026-08-16,SETTLED
SETL200836,TXN100836,6293.18,136.67,24.6,6131.91,2026-08-19,SETTLED
SETL200837,TXN100837,20430.56,457.64,82.38,19890.54,2026-08-10,SETTLED
SETL200838,TXN100838,46502.49,744.39,133.99,45624.11,2026-08-09,SETTLED
SETL200839,TXN100839,40824.23,889.97,101.86,39832.4,2026-08-07,SETTLED
SETL200840,TXN100840,1211.7,18.54,3.34,1189.82,2026-08-05,SETTLED
SETL200841,TXN100841,15487.82,346.93,62.45,15078.44,2026-08-03,SETTLED
SETL200842,TXN100842,56341.08,1207.7,217.39,54578.85,2026-08-08,SETTLED
SETL200843,TXN100843,39555.48,950.38,171.07,38434.03,2026-08-22,SETTLED
SETL200844,TXN100844,15573.48,277.21,49.9,15246.37,2026-08-16,SETTLED
SETL200845,TXN100845,46276.87,1036.6,186.59,45053.68,2026-08-12,SETTLED
SETL200846,TXN100846,46737.8,1046.93,188.45,45302.73,2026-08-14,SETTLED
SETL200848,TXN100848,38906.25,692.53,124.66,38089.06,2026-08-05,SETTLED
SETL200849,TXN100849,37030.99,636.93,114.65,36279.41,2026-08-05,SETTLED
SETL200850,TXN100850,4838.71,105.55,19.0,4714.16,2026-08-20,SETTLED
SETL200851,TXN100851,53842.49,1154.23,207.76,52480.5,2026-08-06,SETTLED
SETL200852,TXN100852,40044.05,858.94,154.61,39030.5,2026-08-10,SETTLED
SETL200853,TXN100853,31165.29,668.94,120.41,30375.94,2026-08-17,SETTLED
SETL200854,TXN100854,32637.66,499.36,89.88,32048.42,2026-08-02,SETTLED
SETL200855,TXN100855,20339.66,443.4,79.81,19816.45,2026-08-11,SETTLED
SETL200856,TXN100856,32310.26,704.36,126.78,31907.65,2026-08-12,SETTLED
SETL200857,TXN100857,33491.29,596.14,107.31,32787.84,2026-08-14,SETTLED
SETL200858,TXN100858,53839.41,1291.76,232.52,52315.13,2026-08-22,SETTLED
SETL200859,TXN100859,8826.61,390.16,70.23,8366.22,2026-08-08,SETTLED
SETL200860,TXN100860,23631.67,380.74,68.53,23182.4,2026-08-19,SETTLED
SETL200861,TXN100861,58011.16,927.38,166.93,56916.85,2026-08-02,SETTLED
SETL200863,TXN100863,44592.56,793.75,142.88,43655.93,2026-08-09,SETTLED
SETL200864,TXN100864,39402.98,631.51,113.67,38657.8,2026-08-17,SETTLED
SETL200865,TXN100865,1354.73,24.11,4.34,869.18,2026-08-22,SETTLED
SETL200866,TXN100866,49159.11,941.5,169.47,48048.14,2026-08-05,SETTLED
SETL200867,TXN100867,48364.99,739.98,133.2,47491.81,2026-08-15,SETTLED
SETL200868,TXN100868,7687.75,167.59,30.17,7489.99,2026-08-20,SETTLED
SETL200869,TXN100869,45971.56,790.71,98.84,45082.01,2026-08-20,SETTLED
SETL200870,TXN100870,45574.23,811.22,146.02,44616.99,2026-08-07,SETTLED
SETL200871,TXN100871,14996.85,352.79,63.5,14580.56,2026-08-20,SETTLED
SETL200872,TXN100872,1430.0,25.45,4.58,1399.97,2026-08-17,SETTLED
SETL200873,TXN100873,55605.15,989.77,178.16,39288.91,2026-08-22,SETTLED
SETL200874,TXN100874,12766.53,227.24,40.9,12498.39,2026-08-22,SETTLED
SETL200875,TXN100875,56316.33,968.64,174.36,55173.33,2026-08-21,SETTLED
SETL200876,TXN100876,36916.96,591.98,106.56,36218.42,2026-08-04,SETTLED
SETL200877,TXN100877,771.92,23.45,4.22,744.25,2026-08-09,SETTLED
SETL200878,TXN100878,51832.5,1129.95,203.39,50499.16,2026-08-19,SETTLED
SETL200879,TXN100879,16947.38,291.49,52.47,16603.42,2026-08-08,SETTLED
SETL200880,TXN100880,10991.27,179.76,32.36,10779.15,2026-08-03,SETTLED
SETL200881,TXN100881,12970.59,290.54,52.3,12955.32,2026-08-10,SETTLED
SETL200882,TXN100882,55529.25,1190.33,214.26,54124.66,2026-08-07,SETTLED
SETL200883,TXN100883,4716.14,72.16,12.99,4630.99,2026-08-09,SETTLED
SETL200885,TXN100885,44396.0,763.61,137.45,43494.94,2026-08-08,SETTLED
SETL200886,TXN100886,53484.09,1146.56,206.38,52131.15,2026-08-06,SETTLED
SETL200887,TXN100887,8616.07,187.83,33.81,8394.43,2026-08-08,SETTLED
SETL200888,TXN100888,20485.53,352.35,63.42,20069.76,2026-08-03,SETTLED
SETL200889,TXN100889,8621.84,193.13,34.76,8393.95,2026-08-16,SETTLED
SETL200890,TXN100890,13581.29,296.07,53.29,13231.93,2026-08-11,SETTLED
SETL200891,TXN100891,5645.22,366.78,66.02,5212.42,2026-08-18,SETTLED
SETL200892,TXN100892,17110.67,277.06,49.87,16783.74,2026-08-15,SETTLED
SETL200893,TXN100893,26337.8,574.16,103.35,25660.29,2026-08-09,SETTLED
SETL200894,TXN100894,58820.95,1410.82,253.95,57156.18,2026-08-03,SETTLED
SETL200895,TXN100895,32101.74,772.23,139.0,31190.51,2026-08-17,SETTLED
SETL200896,TXN100896,14810.43,240.49,43.29,14526.65,2026-08-19,SETTLED
SETL200897,TXN100897,21825.14,388.49,69.93,21366.72,2026-08-09,SETTLED
SETL200898,TXN100898,40307.62,645.89,116.26,39288.79,2026-08-07,SETTLED
SETL200899,TXN100899,52514.84,934.76,168.26,51411.82,2026-08-21,SETTLED
SETL200900,TXN100900,51692.77,1108.23,116.94,50467.6,2026-08-04,SETTLED
SETL200901,TXN100901,25841.18,578.84,104.19,25158.15,2026-08-10,SETTLED
SETL200902,TXN100902,37417.09,572.48,103.05,36741.56,2026-08-12,SETTLED
SETL200903,TXN100903,7102.51,153.99,27.72,7249.41,2026-08-13,SETTLED
SETL200904,TXN100904,33865.11,518.14,93.27,33253.7,2026-08-08,SETTLED
SETL200905,TXN100905,39117.78,598.5,107.73,38411.55,2026-08-20,SETTLED
SETL200906,TXN100906,53927.02,1175.61,211.61,52539.8,2026-08-18,SETTLED
SETL200907,TXN100907,4270.47,93.39,16.81,4160.27,2026-08-13,SETTLED
SETL200908,TXN100908,37446.6,600.4,108.07,36738.13,2026-08-04,SETTLED
SETL200909,TXN100909,23745.61,363.31,65.4,23316.9,2026-08-07,SETTLED
SETL200910,TXN100910,16918.59,301.15,54.21,16563.23,2026-08-06,SETTLED
SETL200911,TXN100911,17943.58,385.99,69.48,17488.11,2026-08-19,SETTLED
SETL200912,TXN100912,26909.67,648.14,116.67,26144.86,2026-08-22,SETTLED
SETL200913,TXN100913,1811.18,27.71,4.99,1778.48,2026-08-09,SETTLED
SETL200914,TXN100914,39517.75,861.49,93.53,38562.73,2026-08-12,SETTLED
SETL200915,TXN100915,18592.9,300.63,54.11,18238.16,2026-08-08,SETTLED
SETL200916,TXN100916,22628.19,364.79,65.66,22197.74,2026-08-11,SETTLED
SETL200917,TXN100917,27627.63,618.86,111.39,26897.38,2026-08-07,SETTLED
SETL200919,TXN100919,59629.5,1278.07,230.05,58121.38,2026-08-20,SETTLED
SETL200920,TXN100920,11477.55,250.21,45.04,11182.3,2026-08-19,SETTLED
SETL200921,TXN100921,9302.68,202.8,36.5,9063.38,2026-08-16,SETTLED
SETL200922,TXN100922,55265.82,845.57,152.2,54268.05,2026-08-14,SETTLED
SETL200923,TXN100923,9785.17,213.32,38.4,9732.53,2026-08-19,SETTLED
SETL200924,TXN100924,48074.78,855.73,154.03,31641.19,2026-08-16,SETTLED
SETL200925,TXN100925,40841.5,812.44,146.24,39882.82,2026-08-05,SETTLED
SETL200926,TXN100926,21764.92,351.06,63.19,21350.67,2026-08-12,SETTLED
SETL200927,TXN100927,46986.36,808.17,145.47,46032.72,2026-08-10,SETTLED
SETL200928,TXN100928,40785.27,653.49,117.63,40014.15,2026-08-04,SETTLED
SETL200929,TXN100929,19406.59,601.11,108.2,18697.28,2026-08-21,SETTLED
SETL200930,TXN100930,9302.78,227.34,40.92,9034.52,2026-08-15,SETTLED
SETL200931,TXN100931,17436.7,375.15,67.53,16994.02,2026-08-13,SETTLED
SETL200932,TXN100932,43807.27,753.49,135.63,43414.82,2026-08-16,SETTLED
SETL200933,TXN100933,43852.03,1053.06,189.55,42183.44,2026-08-15,SETTLED
SETL200934,TXN100934,28739.48,643.76,115.88,27979.84,2026-08-18,SETTLED
SETL200935,TXN100935,893.82,13.68,2.46,877.68,2026-08-22,SETTLED
SETL200936,TXN100936,42759.7,684.88,123.28,41951.54,2026-08-06,SETTLED
SETL200937,TXN100937,33455.08,749.39,134.89,32996.36,2026-08-03,SETTLED
SETL200938,TXN100938,2096.98,36.07,6.49,2054.42,2026-08-02,SETTLED
SETL200939,TXN100939,7888.53,130.43,23.48,7734.62,2026-08-11,SETTLED
SETL200940,TXN100940,2192.33,37.71,0,2154.62,2026-08-10,SETTLED
SETL200941,TXN100941,34151.69,548.01,98.64,33505.04,2026-08-10,SETTLED
SETL200942,TXN100942,22705.53,347.39,62.53,22295.61,2026-08-20,SETTLED
SETL200943,TXN100943,19521.03,463.4,83.41,18974.22,2026-08-06,SETTLED
SETL200944,TXN100944,38356.7,921.73,165.91,37269.06,2026-08-13,SETTLED
SETL200945,TXN100945,31075.06,475.45,85.58,30119.92,2026-08-22,SETTLED
SETL200946,TXN100946,49695.91,1083.37,195.01,48417.53,2026-08-11,SETTLED
SETL200947,TXN100947,32298.01,494.16,88.95,31714.9,2026-08-13,SETTLED
SETL200948,TXN100948,22694.34,508.35,91.5,22094.49,2026-08-17,SETTLED
SETL200949,TXN100949,13463.63,205.99,37.08,13220.56,2026-08-18,SETTLED
SETL200950,TXN100950,27899.24,671.79,120.92,26688.05,2026-08-04,SETTLED
SETL200951,TXN100951,41617.52,932.23,167.8,40517.49,2026-08-06,SETTLED
SETL200952,TXN100952,44795.38,960.62,172.91,43661.85,2026-08-05,SETTLED
SETL200953,TXN100953,18791.99,323.22,58.18,13721.0,2026-08-08,SETTLED
SETL200954,TXN100954,1618.98,24.77,4.46,1589.75,2026-08-17,SETTLED
SETL200955,TXN100955,2451.17,37.5,6.75,1239.12,2026-08-18,SETTLED
SETL200956,TXN100956,4441.72,97.05,17.47,4327.2,2026-08-02,SETTLED
SETL200957,TXN100957,11494.52,297.68,53.58,11143.26,2026-08-13,SETTLED
SETL200958,TXN100958,10053.16,219.16,39.45,9794.55,2026-08-18,SETTLED
SETL200959,TXN100959,6396.79,97.87,17.62,6281.3,2026-08-20,SETTLED
SETL200960,TXN100960,58428.0,1252.36,225.42,56950.22,2026-08-05,SETTLED
SETL200961,TXN100961,42038.91,916.45,164.96,40957.5,2026-08-07,SETTLED
SETL200962,TXN100962,25733.46,620.03,111.61,25001.82,2026-08-18,SETTLED
SETL200963,TXN100963,7855.12,171.24,30.82,7764.22,2026-08-05,SETTLED
SETL200964,TXN100964,20022.87,306.35,55.14,19661.38,2026-08-05,SETTLED
SETL200965,TXN100965,41379.27,926.9,166.84,40285.53,2026-08-16,SETTLED
SETL200966,TXN100966,59105.26,1323.96,238.31,41096.83,2026-08-15,SETTLED
SETL200967,TXN100967,1260.76,22.44,4.04,1234.28,2026-08-17,SETTLED
SETL200968,TXN100968,9030.37,138.16,24.87,8867.34,2026-08-14,SETTLED
SETL200969,TXN100969,4350.27,77.43,13.94,4258.9,2026-08-08,SETTLED
SETL200970,TXN100970,43649.43,1048.22,188.68,42412.53,2026-08-10,SETTLED
SETL200971,TXN100971,21687.79,523.34,94.2,21070.25,2026-08-21,SETTLED
SETL200972,TXN100972,46195.97,822.29,148.01,45225.67,2026-08-05,SETTLED
SETL200973,TXN100973,14233.9,333.23,59.98,13840.69,2026-08-06,SETTLED
SETL200974,TXN100974,40847.39,654.47,117.8,40075.12,2026-08-07,SETTLED
SETL200975,TXN100975,45730.2,699.67,125.94,44904.59,2026-08-18,SETTLED
SETL200976,TXN100976,29669.9,476.75,85.81,29107.34,2026-08-10,SETTLED
SETL200977,TXN100977,59447.34,1274.17,229.35,57943.82,2026-08-05,SETTLED
SETL200978,TXN100978,26832.09,646.29,116.33,26069.47,2026-08-03,SETTLED
SETL200979,TXN100979,29743.04,529.43,95.3,29118.31,2026-08-06,SETTLED
SETL200980,TXN100980,34346.89,525.51,94.59,33726.79,2026-08-17,SETTLED
SETL200981,TXN100981,33954.2,544.87,98.08,33311.25,2026-08-07,SETTLED
SETL200982,TXN100982,29934.12,670.52,120.69,29142.91,2026-08-14,SETTLED
SETL200983,TXN100983,19568.73,438.34,78.9,19051.49,2026-08-02,SETTLED
SETL200984,TXN100984,21258.17,711.77,128.12,20418.28,2026-08-20,SETTLED
SETL200985,TXN100985,6292.33,155.39,27.97,6108.97,2026-08-18,SETTLED
SETL200987,TXN100987,52201.93,798.69,143.76,51259.48,2026-08-05,SETTLED
SETL200988,TXN100988,2723.97,59.38,10.69,2653.9,2026-08-15,SETTLED
SETL200989,TXN100989,1713.94,38.39,6.91,1668.64,2026-08-17,SETTLED
SETL200990,TXN100990,34436.04,828.02,149.04,33458.98,2026-08-12,SETTLED
SETL200991,TXN100991,41606.41,636.58,114.58,40855.25,2026-08-08,SETTLED
SETL200992,TXN100992,37082.26,660.06,118.81,36303.39,2026-08-13,SETTLED
SETL200993,TXN100993,50502.64,772.69,139.08,49590.87,2026-08-19,SETTLED
SETL200994,TXN100994,18190.56,391.28,70.43,17728.85,2026-08-20,SETTLED
SETL200995,TXN100995,35715.95,546.45,98.36,35071.14,2026-08-10,SETTLED
SETL200996,TXN100996,12979.48,315.21,0,12664.27,2026-08-04,SETTLED
SETL200997,TXN100997,39975.67,960.42,172.88,38842.37,2026-08-12,SETTLED
SETL200998,TXN100998,37685.35,844.15,151.95,36689.25,2026-08-16,SETTLED
SETL200999,TXN100999,37856.71,812.13,146.18,36898.4,2026-08-23,SETTLED
